artist,song.name,year,corpus,rank,start,end,male,non.cis,race,ethnicity,primary.status,BIPOC,gender,encoder,
Martha and the Vandellas,Dancing in the Street,1964,2004,40,0,8,0,0,0,1,0,0,0,A. Brown,
Martha and the Vandellas,Dancing in the Street,1964,2021,130,0,8,0,0,0,1,0,0,0,A. Brown,
Martha and the Vandellas,Heat Wave,1963,2021,257,0,27,0,0,0,1,0,0,0,A. Brown,
Martha and the Vandellas,Nowhere to Run,1965,2004,358,0,6,0,0,0,1,0,0,0,A. Brown,
Marvin Gaye,I Heard It Through the Grapevine,1968,2004,80,0,20,0,0,0,1,0,0,0,A. Brown,
Marvin Gaye,I Heard It Through the Grapevine,1968,2021,119,0,20,0,0,1,1,1,1,0,A. Brown,
Marvin Gaye,Let's Get It On,1973,2004,167,0,2,0,0,1,1,1,1,0,A. Brown,
Marvin Gaye,Let's Get it On,1973,2021,264,0,2,0,0,1,1,1,1,0,A. Brown,
Marvin Gaye,Sexual Healing,1982,2004,231,0,17,1,0,0,0,1,0,1,A. Brown,
Marvin Gaye,Sexual Healing,1982,2021,198,0,17,0,0,0,0,0,0,0,A. Brown,
Marvin Gaye,What's Going On,1971,2021,6,7,17,1,0,0,0,1,0,1,A. Brown,
Marvin Gaye,What's Going On,1971,2004,4,7,17,0,0,1,0,1,1,0,A. Brown,
Mary J. Blige,Real Love,1992,2021,327,0,4,0,0,0,0,0,0,0,A. Brown,
Mazzy Star,Fade Into You,1993,2021,468,0,19,1,0,0,0,1,0,1,A. Brown,
Megan Thee Stallion feat. Beyonc‚àö¬©,Savage (Remix),2020,2021,438,0,2,0,0,0,0,0,0,0,A. Brown,
Merle Haggard,Mama Tried,1968,2021,376,0,11,0,0,0,0,0,0,0,A. Brown,
Metallica,Enter Sandman,1991,2004,399,0,70,0,0,0,0,0,0,0,A. Brown,
Metallica,Enter Sandman,1991,2021,390,0,70,0,0,0,0,0,0,0,A. Brown,
Metallica,Master of Puppets,1986,2021,256,0,60,0,0,1,1,1,1,0,A. Brown,
Michael Jackson,Beat It,1982,2004,337,0,38,0,0,0,0,0,0,0,A. Brown,
Michael Jackson,Beat It,1982,2021,185,0,38,0,0,0,0,0,0,0,A. Brown,
Michael Jackson,Billie Jean,1983,2004,58,0,28,0,0,0,0,0,0,0,A. Brown,
Michael Jackson,Billie Jean,1982,2021,44,0,28,1,0,1,1,1,1,1,A. Brown,
Michael Jackson,Rock With You,1979,2021,354,0,18,1,0,0,1,1,1,1,A. Brown,
Migos feat. Lil Uzi Vert,Bad and Boujee,2016,2021,451,0,15,1,0,0,0,1,0,1,A. Brown,
Miles Davis,So What,1959,2021,492,0,33,0,0,0,1,1,1,0,A. Brown,
Miranda Lambert,The House That Built Me,2010,2021,441,0,20,1,0,1,1,1,1,1,A. Brown,
Missy Elliott,Get Ur Freak On,2001,2021,8,0,22,1,0,0,0,1,0,1,A. Brown,
Missy Elliott,The Rain (Supa Dupa Fly),1997,2021,453,0,31,0,0,1,0,1,1,0,A. Brown,
Missy Elliott,Work It,2000,2021,56,0,29,0,0,1,0,1,1,0,A. Brown,
Mitch Ryder and the Detroit Wheels,Devil With a Blue Dress On / Good Golly Miss Molly,1966,2004,428,0,30,0,0,1,0,1,1,0,A. Brown,
Mobb Deep,"Shook Ones, Pt. II",1995,2021,215,0,27,0,0,1,0,1,1,0,A. Brown,
Mot‚àö‚àÇrhead,Ace of Spades,1980,2021,442,0,13,0,0,1,0,1,1,0,A. Brown,
Sly and the Family Stone,Family Affair,1971,2004,138,0,4,0,0,0,0,0,0,0,A. Brown,
Sly and the Family Stone,Family Affair,1971,2021,57,0,4,0,0,1,0,1,1,0,A. Brown,
Sly and the Family Stone,Hot Fun in the Summertime,1969,2004,247,0,10,0,0,1,0,1,1,0,A. Brown,
Sly and the Family Stone,Stand!,1969,2004,241,0,3,0,0,1,0,1,1,0,A. Brown,
Sly and the Family Stone,Thank You (Falettinme Be Mice Elf Agin),1970,2004,402,0,18,0,0,1,0,1,1,0,A. Brown,
Smokey Robinson,Ooo Baby Baby,1965,2004,262,0,10,0,0,1,0,1,1,0,A. Brown,
Smokey Robinson and the Miracles,The Tears of a Clown,1967,2021,313,0,13,0,0,1,0,1,1,0,A. Brown,
Smokey Robinson and the Miracles,The Tracks of My Tears,1965,2021,54,0,20,1,0,0,0,1,0,1,A. Brown,
Solange,Cranes in the Ski,2016,2021,487,0,26,1,0,0,0,0,0,0,A. Brown,
Solomon Burke,Everybody Needs Somebody to Love,1964,2004,429,0,57,1,0,0,0,0,0,0,A. Brown,
Sonic Youth,Teenage Riot,1988,2021,157,0,124,0,0,0,1,0,0,0,A. Brown,
Sonny and Cher,I Got You Babe,1965,2004,444,0,7,0,0,0,0,0,0,0,A. Brown,
Soundgarden,Black Hole Sun,1994,2021,368,0,16,0,0,0,0,0,0,0,A. Brown,
Spencer Davis Group,Gimme Some Lovin',1966,2004,244,0,29,0,0,1,0,1,1,0,A. Brown,
Steel Pulse,Ku Klux Klan,1978,2021,460,0,30,0,0,0,0,0,0,0,A. Brown,
Steely Dan,Deacon Blues,1977,2021,214,0,14,0,0,0,0,0,0,0,A. Brown,
Steppenwolf,Born To Be Wild,1968,2004,129,0,14,0,0,0,0,0,0,0,A. Brown,
Stevie Nicks,Edge of Seventeen,1981,2021,217,0,8,1,0,0,0,1,0,1,A. Brown,
Stevie Wonder,Higher Ground,1973,2004,261,0,23,0,0,1,0,1,1,0,A. Brown,
Stevie Wonder,Higher Ground,1973,2021,113,0,23,0,0,1,0,1,1,0,A. Brown,
Stevie Wonder,Living for the City,1973,2004,104,0,11,0,0,1,0,1,1,0,A. Brown,
Stevie Wonder,"Signed, Sealed, Delivered I'm Yours",1970,2021,203,0,10,0,0,1,0,1,1,0,A. Brown,
Stevie Wonder,Superstition,1972,2004,74,0,29,1,0,1,0,1,1,1,A. Brown,
Stevie Wonder,Superstition,1972,2021,12,0,29,1,0,1,0,1,1,1,A. Brown,
Stevie Wonder,You Are the Sunshine of My Life,1972,2004,281,0,15,0,0,0,0,0,0,0,A. Brown,
Stevie Wonder,You Are the Sunshine of My Life,1972,2021,183,0,15,0,0,1,0,1,1,0,A. Brown,
Sugar Hill Gang,Rapper's Delight,1979,2021,427,0,17,0,0,1,0,1,1,0,A. Brown,
Sylvester,You Make Me Feel (Mighty Real),1978,2021,399,0,29,1,0,0,0,0,0,0,A. Brown,
Notorious B.I.G.,Juicy,1994,2021,32,,,0,0,0,0,0,0,0,AH,
Oasis,Wonderwall,1995,2021,95,,,0,0,0,0,0,0,0,AH,
Otis Redding,(Sittin' on) the Dock of the Bay,1968,2004,28,,,0,0,0,0,0,0,0,AH,
Otis Redding,(Sittin' on) the Dock of the Bay,1967,2021,38,,,0,0,0,0,0,0,0,AH,
Otis Redding,I've Been Loving You Too Long (to Stop Now),1965,2004,110,,,0,0,0,0,0,0,0,AH,
Otis Redding,Try a Little Tenderness,1966,2004,204,,,1,0,0,0,1,0,1,AH,
Otis Redding,Try a Little Tenderness,1966,2021,136,,,0,0,1,0,1,1,0,AH,
Outkast,B.O.B.,2000,2021,39,,,0,0,0,0,0,0,0,AH,
Outkast,Hey Ya!,2003,2004,180,,,1,0,1,0,1,1,1,AH,
Outkast,Hey Ya!,2003,2021,10,,,1,0,1,0,1,1,1,AH,
Outkast,Ms. Jackson,2000,2021,145,,,1,0,0,0,1,0,1,AH,
Parliament,Flash Light,1977,2004,199,,,0,0,0,0,0,0,0,AH,
Parliament,Flash Light,1977,2021,252,,,0,0,0,0,0,0,0,AH,
Patsy Cline,Crazy,1961,2004,85,,,0,0,1,0,1,1,0,AH,
Patsy Cline,Crazy,1961,2021,195,,,1,0,0,0,0,0,0,AH,
Patsy Cline,I Fall to Pieces,1961,2004,238,,,1,0,0,0,1,0,1,AH,
Patti Smith,Because the Night,1978,2021,358,,,1,0,0,0,1,0,1,AH,
Patti Smith,Gloria,1975,2021,97,,,0,0,0,0,0,0,0,AH,
Patti Smith Group,Dancing Barefoot,1979,2004,323,,,0,0,1,0,1,1,0,AH,
Paul McCartney,Maybe I'm Amazed,1970,2004,338,,,1,0,1,0,1,1,1,AH,
Paul Revere and the Raiders,Kicks,1966,2004,400,,,0,0,1,0,1,1,0,AH,
Paul Simon,American Tune,1973,2021,262,,,0,0,0,0,0,0,0,AH,
Paul Simon,Graceland,1986,2004,485,,,0,0,1,0,1,1,0,AH,
Pavement,Summer Babe (Winter Version),1992,2004,286,,,0,0,1,0,1,1,0,AH,
Pavement,Summer Babe (Winter Version),1992,2021,244,,,1,0,1,0,1,1,1,AH,
Pearl Jam,Alive,1991,2021,416,,,1,0,1,0,1,1,1,AH,
Percy Sledge,When a Man Loves a Woman,1966,2004,54,,,0,0,1,0,1,1,0,AH,
Pet Shop Boys,West End Girls,1984,2021,433,,,0,0,0,0,0,0,0,AH,
Pete Rock and CL Smooth,They Reminisce Over You,1992,2021,430,,,0,0,1,0,0,0,0,AH,
Peter Gabriel,Solsbury Hill,1977,2021,472,,,0,0,1,0,0,0,0,AH,
Phil Collins,In the Air Tonight,1981,2021,291,,,0,0,0,0,0,0,0,AH,
Pink Floyd,Another Brick in the Wall Part 2,1979,2004,375,,,0,0,0,0,0,0,0,AH,
Dusty Springfield,You Don't Have to Say You Love Me,1966,2004,491,,,0,0,1,0,1,1,0,CBT,
"Earth, Wind, and Fire",September,1978,2021,65,,,0,0,1,0,1,1,0,CBT,
"Earth, Wind, and Fire",That's the Way of the World,1975,2004,329,,,0,0,1,0,1,1,0,CBT,
Eddie Cochran,C'mon Everybody,1958,2004,403,,,0,0,1,1,1,1,0,CBT,
Eddie Cochran,Summertime Blues,1958,2004,73,,,1,0,1,0,1,1,1,CBT,
Eddie Cochran,Summertime Blues,1958,2021,432,,,0,0,0,0,0,0,0,CBT,
Elton John,Bennie and the Jets,1973,2021,371,,,0,0,0,0,0,0,0,CBT,
Elton John,Candle in the Wind,1973,2004,347,,,0,0,0,0,0,0,0,CBT,
Elton John,Goodbye Yellow Brick Road,1973,2004,380,,,0,0,0,0,0,0,0,CBT,
Elton John,Rocket Man,1972,2004,242,,,0,0,0,0,0,0,0,CBT,
Elton John,Rocket Man,1972,2021,149,,,0,0,1,0,1,1,0,CBT,
Elton John,Tiny Dancer,1971,2004,387,,,0,0,1,0,1,1,0,CBT,
Elton John,Tiny Dancer,1972,2021,47,,,0,0,1,0,1,1,0,CBT,
Elton John,Your Song,1970,2004,136,,,0,0,1,0,1,1,0,CBT,
Elton John,Your Song,1970,2021,202,,,0,0,1,0,1,1,0,CBT,
Elvis Costello,Alison,1977,2004,318,,,0,0,1,0,1,1,0,CBT,
Elvis Costello,Alison,1977,2021,396,,,0,0,1,1,1,1,0,CBT,
Elvis Costello,Watching the Detectives,1977,2004,354,,,0,0,0,0,0,0,0,CBT,
Elvis Costello and the Attractions,(What's So Funny 'Bout) Peace Love and Understanding?,1979,2004,284,,,0,0,0,1,0,0,0,CBT,
Elvis Presley,All Shook Up,1957,2004,352,,,0,0,0,1,0,0,0,CBT,
Elvis Presley,Blue Suede Shoes,1956,2004,423,,,0,0,0,1,0,0,0,CBT,
Elvis Presley,Can't Help Falling in Love,1961,2004,394,,,1,0,0,0,1,0,1,CBT,
Elvis Presley,Don't Be Cruel,1956,2004,197,,,1,0,1,0,1,1,1,CBT,
Elvis Presley,Heartbreak Hotel,1956,2004,45,,,1,0,1,0,1,1,1,CBT,
Elvis Presley,Heartbreak Hotel,1958,2021,347,,,1,0,1,0,1,1,1,CBT,
Elvis Presley,Hound Dog,1956,2004,19,,,1,0,1,0,1,1,1,CBT,
Elvis Presley,Jailhouse Rock,1957,2004,67,,,1,0,1,0,1,1,1,CBT,
Elvis Presley,Jailhouse Rock,1957,2021,216,,,0,0,1,0,1,1,0,CBT,
Elvis Presley,Love Me Tender,1956,2004,437,,,0,0,1,0,1,1,0,CBT,
Elvis Presley,Mystery Train,1955,2004,77,,,1,0,0,0,1,0,1,CBT,
Elvis Presley,Suspicious Minds,1969,2004,91,,,0,0,0,0,0,0,0,CBT,
Elvis Presley,Suspicious Minds,1969,2021,70,,,0,0,0,0,0,0,0,CBT,
Elvis Presley,That's All Right,1954,2004,112,,,0,0,1,0,1,1,0,CBT,
Eminem,Lose Yourself,2002,2004,166,,,0,0,1,0,1,1,0,CBT,
Eminem,Lose Yourself,2002,2021,167,,,0,0,1,0,1,1,0,CBT,
Eminem feat. Dido,Stan,2000,2004,290,,,0,0,0,0,0,0,0,CBT,
Eminem feat. Dido,Stan,2000,2021,223,,,0,0,1,0,0,0,0,CBT,
? and the Mysterians,96 Tears,1966,2004,210,0,9,0,0,1,1,1,1,0,EOD,
2Pac,California Love,1995,2021,320,0,12,0,0,1,1,1,1,0,EOD,
50 Cent,In Da Club,2003,2021,444,0,0,1,0,0,0,1,0,1,EOD,
A Tribe Called Quest,Can I Kick It?,1990,2021,292,0,29,0,0,0,0,0,0,0,EOD,
Aaliyah,Are You That Somebody?,1998,2021,238,0,0,0,0,0,0,0,0,0,EOD,
Aaron Neville,Tell It Like It Is,1966,2004,381,0,3,0,0,0,0,0,0,0,EOD,
ABBA,Dancing Queen,1976,2004,171,0,19,0,0,0,0,0,0,0,EOD,
ABBA,Dancing Queen,1976,2021,286,0,18,0,0,0,0,0,0,0,EOD,
AC/DC,Back in Black,1980,2004,187,0,26,0,0,1,0,1,1,0,EOD,
AC/DC,Highway to Hell,1979,2004,254,0,18,0,0,1,0,1,1,0,EOD,
AC/DC,You Shook Me All Night Long,1980,2021,287,0,29,0,0,1,0,1,1,0,EOD,
Adele,Rolling in the Deep,2011,2021,82,0,5,0,0,1,0,1,1,0,EOD,
Aerosmith,Dream On,1973,2004,172,0,36,0,0,1,0,1,1,0,EOD,
Aerosmith,Dream On,1973,2021,199,0,37,0,0,0,0,0,0,0,EOD,
Aerosmith,Sweet Emotion,1975,2004,408,0,35,0,0,0,0,0,0,0,EOD,
Aerosmith,Walk This Way,1976,2004,336,0,13,0,0,1,0,1,1,0,EOD,
Al Green,Let's Stay Together,1971,2004,60,0,10,1,0,1,0,1,1,1,EOD,
Al Green,Let's Stay Together,1971,2021,84,0,10,0,0,1,0,1,1,0,EOD,
Al Green,Love and Happiness,1972,2004,98,0,3,0,0,1,0,1,1,0,EOD,
Al Green,Love and Happiness,1972,2021,274,0,2,0,0,0,1,0,0,0,EOD,
Al Green,Take Me to the River,1974,2004,117,0,28,0,0,0,0,0,0,0,EOD,
Al Green,Tired of Being Alone,1971,2004,293,0,8,0,0,1,0,1,1,0,EOD,
Alice Cooper,I'm Eighteen,1971,2004,482,0,25,0,0,1,0,1,1,0,EOD,
Alice Cooper,School's Out,1972,2004,319,0,21,0,0,0,0,0,0,0,EOD,
Alice Cooper,School's Out,1972,2021,293,0,21,0,0,0,0,0,0,0,EOD,
Alicia Keys,If I Ain't Got You,2003,2021,440,0,24,0,0,0,0,0,0,0,EOD,
Allman Brothers Band,Whipping Post,1969,2021,410,0,25,0,0,1,0,1,1,0,EOD,
Amy Winehouse,Back to Black,2006,2021,79,0,15,0,0,1,0,1,1,0,EOD,
Archie Bell and the Drells,Tighten Up,1968,2004,265,0,16,0,0,0,0,0,0,0,EOD,
Aretha Franklin,Chain of Fools,1967,2004,249,0,4,1,0,0,0,1,0,1,EOD,
Aretha Franklin,Chain of Fools,1967,2021,306,0,4,0,0,0,0,0,0,0,EOD,
Roy Orbison,"Oh, Pretty Woman",1964,2004,222,,,0,0,1,0,1,1,0,EOD,
Roy Orbison,Only the Lonely (Know the Way I Feel),1960,2004,232,,,0,0,1,0,1,1,0,EOD,
Rufus and Chaka Khan,Ain't Nobody,1983,2021,403,,,1,0,1,0,1,1,1,EOD,
Run-DMC,Sucker MC's,1984,2021,406,,,1,0,1,0,1,1,1,EOD,
Run-DMC,Walk This Way,1986,2004,287,,,0,0,0,0,0,0,0,EOD,
Rush,Limelight,1981,2021,435,,,0,0,0,1,0,0,0,EOD,
Sade,No Ordinary Love,1992,2021,459,,,0,0,0,1,0,0,0,EOD,
Salt-n-Pepa,Push It,1987,2004,440,,,0,0,1,0,1,1,0,EOD,
Sam and Dave,Soul Man,1967,2004,458,,,0,0,1,0,1,1,0,EOD,
Sam Cooke,A Change Is Gonna Come,1964,2004,12,,,0,0,1,0,1,1,0,EOD,
Sam Cooke,A Change Is Gonna Come,1964,2021,3,,,0,0,1,0,1,1,0,EOD,
Sam Cooke,Cupid,1961,2004,452,,,0,0,1,0,1,1,0,EOD,
Sam Cooke,Wonderful World,1969,2004,373,,,1,0,0,0,1,0,1,EOD,
Sam Cooke,You Send Me,1957,2004,115,,,1,0,1,0,1,1,1,EOD,
Santana,Oye Como Va,1970,2021,479,,,1,0,1,0,1,1,1,EOD,
Screamin' Jay Hawkins,I Put a Spell on You,1956,2004,313,,,1,0,1,0,1,1,1,EOD,
Screamin' Jay Hawkins,I Put A Spell on You,1956,2021,299,,,0,0,1,0,1,1,0,EOD,
Selena,Amor Prohibido,1994,2021,405,,,0,0,0,0,0,0,0,EOD,
Sex Pistols,Anarchy in the U.K.,1977,2004,53,,,0,0,1,1,1,1,0,EOD,
Sex Pistols,Anarchy in the U.K.,1977,2021,125,,,0,0,1,0,1,1,0,EOD,
Sex Pistols,God Save The Queen,1977,2021,365,,,0,0,1,0,1,1,0,EOD,
Simon and Garfunkel,Bridge over Troubled Water,1970,2004,47,,,0,0,0,0,0,0,0,EOD,
Simon and Garfunkel,Bridge Over Troubled Water,1970,2021,66,,,0,0,0,0,0,0,0,EOD,
Simon and Garfunkel,The Boxer,1969,2004,105,,,1,0,1,0,1,1,1,EOD,
Simon and Garfunkel,The Sound of Silence,1964,2021,182,,,0,0,0,0,0,0,0,EOD,
Simon and Garfunkel,The Sounds of Silence,1965,2004,156,,,0,0,0,0,0,0,0,EOD,
Sinead O'Connor,Nothing Compares 2 U,1990,2021,184,,,0,0,0,0,0,0,0,EOD,
Sinead O'Connor,Nothing Compares 2 U,1990,2004,162,,,0,0,0,1,1,1,0,EOD,
Sister Nancy,Bam Bam,1982,2021,454,,,1,0,1,0,1,1,1,EOD,
Sly and the Family Stone,Dance to the Music,1968,2004,223,,,0,0,0,0,0,0,0,EOD,
Sly and the Family Stone,Everyday People,1968,2004,145,,,0,0,0,0,0,0,0,EOD,
Sly and the Family Stone,Everyday People,1968,2021,109,,,0,0,1,0,1,1,0,EOD,
Little Eva,The Loco-Motion,1962,2004,350,0,8,0,0,0,0,0,0,0,GSW,
Little Richard,"Good Golly, Miss Molly",1958,2004,94,0,17,1,0,1,0,1,1,1,GSW,
Little Richard,"Good Golly, Miss Molly",1958,2021,92,0,17,0,0,1,0,0,0,0,GSW,
Little Richard,Keep a Knockin',1957,2004,442,0,6,1,0,0,1,1,1,1,GSW,
Little Richard,Long Tall Sally,1956,2004,56,0,0,1,0,1,0,1,1,1,GSW,
Little Richard,The Girl Can't Help It,1957,2004,413,0,3,1,0,1,0,1,1,1,GSW,
Little Richard,Tutti Frutti,1955,2004,43,0,0,1,0,1,0,1,1,1,GSW,
Little Richard,Tutti Frutti,1955,2021,35,0,0,1,0,1,0,1,1,1,GSW,
Liz Phair,Divorce Song,1993,2021,308,0,15,1,0,1,0,1,1,1,GSW,
Lizzo,Truth Hurts,2017,2021,497,0,6,0,0,1,1,1,1,0,GSW,
Lloyd Price,Stagger Lee,1958,2004,456,0,0,0,0,0,1,0,0,0,GSW,
Lorde,Royals,2011,2021,30,0,0,0,0,1,1,1,1,0,GSW,
Loretta Lynn,Coal Miner's Daughter,1970,2021,255,0,7,0,0,0,1,0,0,0,GSW,
Lou Reed,Walk on the Wild Side,1972,2004,221,0,20,0,0,1,0,1,1,0,GSW,
Lou Reed,Walk on the Wild Side,1972,2021,180,0,20,1,0,1,0,1,1,1,GSW,
Louis Armstrong,What a Wonderful World,1967,2021,171,0,6,0,0,1,0,1,1,0,GSW,
Love,Alone Again Or,1968,2004,436,0,18,1,0,1,0,1,1,1,GSW,
Lovin' Spoonful,Do You Believe in Magic,1965,2004,216,0,7,0,0,0,0,0,0,0,GSW,
Lucinda Williams,Passionate Kisses,1988,2021,437,0,8,1,0,0,0,1,0,1,GSW,
Luther Vandross,Never Too Much,1981,2021,466,0,38,0,0,1,0,1,1,0,GSW,
Lynyrd Skynyrd,Free Bird,1973,2004,191,0,69,0,0,1,0,1,1,0,GSW,
Lynyrd Skynyrd,Free Bird,1973,2021,407,0,69,1,0,0,0,1,0,1,GSW,
Lynyrd Skynyrd,Sweet Home Alabama,1974,2004,398,0,23,1,0,1,0,1,1,1,GSW,
M.I.A.,Paper Planes,2008,2021,46,0,11,0,0,0,1,0,0,0,GSW,
Madonna,Into the Groove,1985,2021,161,0,17,0,0,1,0,1,1,0,GSW,
Madonna,Like a Prayer,1989,2004,300,0,10,0,0,0,0,0,0,0,GSW,
Madonna,Like a Prayer,1989,2021,55,0,10,0,0,1,0,1,1,0,GSW,
Madonna,Vogue,1990,2021,139,0,85,1,0,0,0,1,0,1,GSW,
Mariah Carey,Fantasy,1995,2021,419,0,21,0,0,0,0,0,0,0,GSW,
Mark Ronson feat. Bruno Mars,Uptown Funk,2015,2021,417,0,17,0,0,0,1,0,0,0,GSW,
Marshall Jefferson,Move Your Body (The House Music Anthem),1986,2021,335,0,65,0,0,0,1,0,0,0,GSW,
The Byrds,I'll Feel a Whole Lot Better,1965,2004,234,0,5,0,0,0,1,0,0,0,GSW,
The Byrds,Mr. Tambourine Man,1965,2004,79,0,8,0,0,0,0,0,0,0,GSW,
The Byrds,Mr. Tambourine Man,1965,2021,230,0,8,0,0,0,0,0,0,0,GSW,
The Carpenters,We've Only Just Begun,1970,2004,405,0,12,0,0,0,0,0,0,0,GSW,
The Cars,Just What I Needed,1978,2021,369,0,17,1,0,1,0,1,1,1,GSW,
The Chantels,Maybe,1957,2004,195,0,15,0,0,0,0,0,0,0,GSW,
The Chiffons,One Fine Day,1963,2004,460,0,6,0,0,0,0,0,0,0,GSW,
The Chords,Sh-Boom,1954,2004,215,0,0,0,0,0,0,0,0,0,GSW,
The Clash,Complete Control,1979,2004,361,0,11,0,0,1,0,1,1,0,GSW,
The Clash,London Calling,1980,2004,15,0,21,0,0,0,0,0,0,0,GSW,
The Clash,London Calling,1980,2021,143,0,21,0,0,1,0,1,1,0,GSW,
The Clash,Should I Stay or Should I Go,1982,2004,228,0,15,0,0,1,0,1,1,0,GSW,
The Clash,Train in Vain,1979,2004,292,0,11,0,0,1,0,1,1,0,GSW,
The Clash,White Man in Hammersmith Palais,1978,2021,340,0,16,0,0,0,1,0,0,0,GSW,
The Clash,White Man in Hammersmith Palais,1979,2004,430,0,16,0,0,1,0,1,1,0,GSW,
The Coasters,Young Blood,1957,2004,414,0,1,0,0,1,0,1,1,0,GSW,
The Crystals,Da Doo Ron Ron,1963,2004,114,0,6,1,0,0,0,1,0,1,GSW,
The Crystals,Da Doo Ron Ron,1963,2021,366,0,6,0,0,0,0,0,0,0,GSW,
The Crystals,He's a Rebel,1962,2004,263,0,9,0,0,0,0,0,0,0,GSW,
The Crystals,Then He Kissed Me,1963,2004,493,0,10,0,0,1,0,1,1,0,GSW,
The Cure,Just Like Heaven,1987,2004,483,0,49,0,0,1,1,1,1,0,GSW,
The Cure,Just Like Heaven,1987,2021,108,0,49,0,0,1,0,1,1,0,GSW,
The Cure,Pictures of You,1989,2004,278,0,113,0,0,1,0,1,1,0,GSW,
The Cure,Pictures of You,1989,2021,377,0,113,0,0,1,0,1,1,0,GSW,
The Del-Vikings,Come Go With Me,1957,2004,441,0,1,0,0,1,0,1,1,0,GSW,
The Dells,"Oh, What a Night",1969,2004,260,0,4,0,0,0,0,0,0,0,GSW,
The Dixie Cups,Chapel of Love,1964,2004,279,0,1,0,0,0,0,0,0,0,GSW,
The Doobie Brothers,What a Fool Believes,1979,2021,343,0,16,0,0,0,0,0,0,0,GSW,
The Doors,Light My Fire,1967,2004,35,0,9,0,0,0,0,0,0,0,GSW,
The Doors,Light My Fire,1967,2021,310,0,9,0,0,0,0,0,0,0,GSW,
Mott the Hoople,All the Young Dudes,1972,2004,253,0,11,0,0,1,0,1,1,0,K. Palmer,
Mott the Hoople,All the Young Dudes,1972,2021,166,0,11,0,0,0,0,0,0,0,K. Palmer,
Muddy Waters,Get My Mojo Working,1957,2004,359,0,25,0,0,0,0,0,0,0,K. Palmer,
Muddy Waters,Hoochie Coochie Man,1954,2004,225,0,7,0,0,0,0,0,0,0,K. Palmer,
Muddy Waters,Mannish Boy,1955,2004,229,0,28,0,0,1,0,1,1,0,K. Palmer,
Muddy Waters,Mannish Boy,1955,2021,425,0,28,0,0,1,0,1,1,0,K. Palmer,
Muddy Waters,Rollin' Stone,1948,2004,459,0,7,0,0,1,0,1,1,0,K. Palmer,
N.W.A.,Fuck tha Police,1989,2004,417,0,30,0,0,1,1,1,1,0,K. Palmer,
N.W.A.,Fuck tha Police,1988,2021,190,0,30,0,0,0,0,0,0,0,K. Palmer,
N.W.A.,Straight Outta Compton,1988,2021,248,0,4,0,0,0,0,0,0,0,K. Palmer,
Neil Young,After the Gold Rush,1970,2021,322,0,10,0,0,0,0,0,0,0,K. Palmer,
Neil Young,Cortez the Killer,1975,2004,321,0,203,0,0,0,0,0,0,0,K. Palmer,
Neil Young,Heart of Gold,1972,2004,297,0,34,0,0,0,0,0,0,0,K. Palmer,
Neil Young,Heart of Gold,1972,2021,259,0,34,0,0,0,0,0,0,0,K. Palmer,
Neil Young,Powderfinger,1979,2021,450,0,9,0,0,1,0,0,0,0,K. Palmer,
Neil Young,Rockin' in the Free World,1989,2004,214,0,14,1,0,1,0,1,1,1,K. Palmer,
Neneh Cherry,Buffalo Stance,1988,2021,412,0,28,1,0,1,0,1,1,1,K. Palmer,
New Order,Bizarre Love Triangle,1986,2004,201,2,10,0,0,1,0,1,1,0,K. Palmer,
New Order,Bizarre Love Triangle,1986,2021,220,2,10,1,0,1,0,1,1,1,K. Palmer,
New Order,Blue Monday,1983,2021,235,0,62,1,0,0,0,1,0,1,K. Palmer,
New York Dolls,Personality Crisis,1973,2004,267,0,24,0,0,1,0,1,1,0,K. Palmer,
New York Dolls,Personality Crisis,1973,2021,387,0,24,1,0,0,0,1,0,1,K. Palmer,
Nick Drake,Pink Moon,1972,2021,162,0,12,1,0,0,0,1,0,1,K. Palmer,
Nicki Minaj,Super Bass,2010,2021,426,0,16,0,0,0,0,0,0,0,K. Palmer,
Nina Simone,Mississippi Goddam,1964,2021,172,0,5,0,0,1,0,1,1,0,K. Palmer,
Nine Inch Nails,Closer,1994,2021,270,0,21,0,0,1,0,1,1,0,K. Palmer,
Nirvana,All Apologies,1993,2004,455,0,16,1,0,1,1,1,1,1,K. Palmer,
Nirvana,Come As You Are,1991,2004,445,0,16,0,0,0,0,0,0,0,K. Palmer,
Nirvana,Come as You Are,1991,2021,467,0,16,1,0,0,0,1,0,1,K. Palmer,
Nirvana,In Bloom,1991,2004,407,0,24,0,0,0,0,0,0,0,K. Palmer,
Nirvana,Smells Like Teen Spirit,1991,2004,9,0,9,0,0,0,0,0,0,0,K. Palmer,
Nirvana,Smells Like Teen Spirit,1991,2021,5,0,9,0,0,0,0,0,0,0,K. Palmer,
Norman Greenbaum,Spirit in the Sky,1970,2004,333,0,29,0,0,0,0,0,0,0,K. Palmer,
T. Rex,Cosmic Dancer,1971,2021,445,0,0,0,0,0,0,0,0,0,K. Palmer,
Talking Heads,Once in a Lifetime,1980,2021,28,0,17,0,0,0,0,0,0,0,K. Palmer,
Talking Heads,This Must Be the Place (Naive Melody),1983,2021,123,0,63,0,0,0,0,0,0,0,K. Palmer,
Tammy Wynette,Stand by Your Man,1968,2021,473,0,9,0,0,0,0,0,0,0,K. Palmer,
Tears for Fears,Everybody Wants to Rule the World,1985,2021,319,0,28,0,0,1,1,0,0,0,K. Palmer,
Television,Marquee Moon,1977,2004,372,0,24,0,0,0,0,0,0,0,K. Palmer,
Television,Marquee Moon,1977,2021,173,0,24,0,0,1,0,1,1,0,K. Palmer,
The Allman Brothers Band,Whipping Post,1969,2004,383,0,26,0,0,1,0,1,1,0,K. Palmer,
The Animals,Don't Let Me Be Misunderstood,1965,2004,315,0,9,0,0,1,0,1,1,0,K. Palmer,
The Animals,House of the Rising Sun,1964,2004,122,0,11,0,0,1,0,1,1,0,K. Palmer,
The Animals,We Gotta Get Out of This Place,1965,2004,233,0,55,0,0,1,0,1,1,0,K. Palmer,
The B-52's,Love Shack,1989,2004,243,0,15,0,0,1,0,1,1,0,K. Palmer,
The B-52's,Rock Lobster,1979,2004,146,0,5,1,0,1,0,1,1,1,K. Palmer,
The Band,The Night They Drove Old Dixie Down,1969,2004,245,0,2,0,0,0,0,0,0,0,K. Palmer,
The Band,The Weight,1968,2004,41,0,6,0,0,0,0,0,0,0,K. Palmer,
The Beach Boys,California Girls,1965,2004,71,0,23,0,0,0,1,0,0,0,K. Palmer,
The Beach Boys,"Caroline, No",1966,2004,211,0,6,1,0,1,1,1,1,1,K. Palmer,
The Beach Boys,Don't Worry Baby,1964,2004,176,0,17,0,0,1,0,1,1,0,K. Palmer,
The Beach Boys,God Only Knows,1966,2004,25,0,17,0,0,1,1,1,1,0,K. Palmer,
The Beach Boys,God Only Knows,1966,2021,11,0,17,0,0,1,1,1,1,0,K. Palmer,
The Beach Boys,Good Vibrations,1966,2004,6,0,25,1,0,0,1,1,1,1,K. Palmer,
The Beach Boys,In My Room,1963,2004,209,0,8,0,0,0,1,0,0,0,K. Palmer,
The Beach Boys,Sloop John B,1966,2004,271,0,4,0,0,0,1,0,0,0,K. Palmer,
The Beach Boys,Wouldn't it Be Nice,1966,2021,297,0,8,1,0,0,1,1,1,1,K. Palmer,
The Beastie Boys,Sabotage,1994,2004,475,0,17,1,0,1,1,1,1,1,K. Palmer,
The Beatles,A Day in the Life,1967,2004,26,2,15,1,0,1,0,1,1,1,K. Palmer,
The Beatles,A Day in the Life,1967,2021,24,2,15,1,0,1,0,1,1,1,K. Palmer,
The Beatles,A Hard Day's Night,1964,2004,153,0,3,0,0,1,0,1,1,0,K. Palmer,
The Beatles,All You Need Is Love,1967,2004,362,0,26,0,0,1,0,1,1,0,K. Palmer,
The Beatles,Can't Buy Me Love,1964,2004,289,0,8,1,0,1,0,1,1,1,K. Palmer,
The Beatles,Come Together,1969,2004,202,0,11,1,0,0,0,0,0,0,K. Palmer,
The Beatles,Eleanor Rigby,1966,2004,137,0,0,0,0,1,1,0,0,0,K. Palmer,
The Beatles,Eleanor Rigby,1966,2021,243,0,0,0,0,1,1,1,1,0,K. Palmer,
The Beatles,Help!,1965,2004,29,0,10,0,0,0,0,0,0,0,K. Palmer,
The Beatles,Help!,1965,2021,447,0,10,1,0,0,0,1,0,1,K. Palmer,
The Beatles,Hey Jude,1968,2004,8,0,0,0,0,1,0,1,1,0,K. Palmer,
The Beatles,Hey Jude,1968,2021,89,0,0,0,0,1,0,1,1,0,K. Palmer,
The Beatles,I Saw Her Standing There,1964,2004,139,0,7,0,0,1,0,1,1,0,K. Palmer,
The Beatles,I Want to Hold Your Hand,1963,2004,16,0,7,0,0,1,0,1,1,0,K. Palmer,
The Beatles,I Want to Hold Your Hand,1963,2021,15,0,7,0,0,1,0,1,1,0,K. Palmer,
The Beatles,In My Life,1965,2004,23,0,8,0,1,1,0,1,1,1,K. Palmer,
The Beatles,In My Life,1965,2021,98,0,8,0,0,0,0,0,0,0,K. Palmer,
The Beatles,Let It Be,1970,2004,20,0,12,1,0,0,0,0,0,0,K. Palmer,
The Beatles,Norwegian Wood (This Bird Has Flown),1965,2004,83,0,15,1,0,0,0,1,0,1,K. Palmer,
The Beatles,Penny Lane,1967,2004,449,0,0,1,0,0,0,1,0,1,K. Palmer,
The Beatles,Please Please Me,1963,2004,184,0,7,0,0,0,0,0,0,0,K. Palmer,
The Beatles,Rain,1966,2004,463,0,9,1,0,0,0,1,0,1,K. Palmer,
The Beatles,She Loves You,1963,2004,64,0,0,0,0,0,0,0,0,0,K. Palmer,
The Beatles,She Loves You,1964,2021,135,0,0,0,0,0,0,0,0,0,K. Palmer,
The Beatles,Something,1969,2004,273,0,4,0,0,0,0,0,0,0,K. Palmer,
The Beatles,Something,1969,2021,110,0,4,0,0,0,0,0,0,0,K. Palmer,
The Beatles,Strawberry Fields Forever,1967,2004,76,0,15,0,0,0,0,0,0,0,K. Palmer,
The Beatles,Strawberry Fields Forever,1967,2021,7,0,15,0,0,0,0,0,0,0,K. Palmer,
The Beatles,Ticket To Ride,1965,2004,384,0,7,0,0,0,0,0,0,0,K. Palmer,
The Beatles,While My Guitar Gently Weeps,1968,2004,135,0,16,0,0,0,0,0,0,0,K. Palmer,
The Beatles,With a Little Help From My Friends,1967,2004,304,0,9,0,0,0,0,0,0,0,K. Palmer,
The Beatles,Yesterday,1965,2004,13,0,5,0,0,0,0,0,0,0,K. Palmer,
The Beatles,Yesterday,1965,2021,72,0,5,0,0,0,0,0,0,0,K. Palmer,
The Bee Gees,How Deep Is Your Love,1977,2004,366,0,17,0,0,0,0,0,0,0,K. Palmer,
The Bobby Fuller Four,I Fought the Law,1966,2004,175,0,11,0,0,0,0,0,0,0,K. Palmer,
The Box Tops,The Letter,1967,2004,363,0,5,0,0,0,0,0,0,0,K. Palmer,
The Breeders,Cannonball,1993,2021,489,0,55,0,0,0,0,0,0,0,K. Palmer,
Pink Floyd,Comfortably Numb,1979,2004,314,,,0,0,0,0,0,0,0,KB,
Pink Floyd,Comfortably Numb,1979,2021,179,,,0,0,0,0,0,0,0,KB,
Pink Floyd,Wish You Were Here,1975,2004,316,,,1,0,0,0,1,0,1,KB,
Pink Floyd,Wish You Were Here,1975,2021,302,,,0,0,1,0,1,1,0,KB,
PJ Harvey,Rid of Me,1993,2021,194,,,0,0,1,0,1,1,0,KB,
Pretenders,Brass in Pocket,1979,2021,389,,,1,0,1,0,1,1,1,KB,
Prince,1999,1982,2004,212,,,0,0,1,0,1,1,0,KB,
Prince,1999,1982,2021,339,,,0,0,1,0,1,1,0,KB,
Prince,Adore,1987,2021,431,,,0,0,1,0,1,1,0,KB,
Prince,Kiss,1986,2004,461,,,0,0,1,0,1,1,0,KB,
Prince,Kiss,1986,2021,85,,,0,0,0,0,0,0,0,KB,
Prince,Little Red Corvette,1983,2004,108,,,1,0,1,0,1,1,1,KB,
Prince,Little Red Corvette,1982,2021,360,,,0,0,1,0,1,1,0,KB,
Prince,Purple Rain,1984,2004,143,,,0,0,0,0,0,0,0,KB,
Prince,Sign 'O' the Times,1987,2004,299,,,1,0,0,0,0,0,0,KB,
Prince and the Revolution,Purple Rain,1984,2021,18,,,0,0,0,0,0,0,0,KB,
Prince and the Revolution,When Doves Cry,1984,2004,52,,,0,0,1,1,1,1,0,KB,
Prince and the Revolution,When Doves Cry,1984,2021,37,,,1,0,0,0,1,0,1,KB,
Procol Harum,A Whiter Shade of Pale,1967,2004,57,,,0,0,1,0,1,1,0,KB,100
Procol Harum,A Whiter Shade of Pale,1967,2021,271,,,0,0,1,0,1,1,0,KB,
Public Enemy,Bring the Noise,1988,2004,160,,,0,0,0,0,0,0,0,KB,
Public Enemy,Bring the Noise,1987,2021,397,,,0,0,0,0,0,0,0,KB,
Public Enemy,Fight the Power,1989,2004,322,,,0,0,0,0,0,0,0,KB,
Public Enemy,Fight the Power,1989,2021,2,,,0,0,0,0,0,0,0,KB,
Pulp,Common People,1996,2021,75,,,0,0,0,0,1,0,0,KB,
Queen,Bohemian Rhapsody,1975,2004,163,,,0,0,0,0,1,0,0,KB,
Queen,Bohemian Rhapsody,1975,2021,17,,,0,0,0,0,1,0,0,KB,
Queen,We Will Rock You,1977,2004,330,,,0,0,1,1,1,1,0,KB,
Queen and David Bowie,Under Pressure,1981,2021,429,,,0,0,1,1,1,1,0,KB,
R. Kelly,I Believe I Can Fly,1996,2004,406,,,0,0,0,0,0,0,0,KB,
R.E.M.,Losing My Religion,1991,2004,169,,,0,0,1,0,1,1,0,KB,
R.E.M.,Losing My Religion,1991,2021,112,,,1,0,0,0,1,0,1,KB,
R.E.M.,Nightswimming,1992,2021,160,,,0,0,1,0,1,1,0,KB,
R.E.M.,Radio Free Europe,1983,2004,379,,,0,0,1,0,1,1,0,KB,
R.E.M.,Radio Free Europe,1983,2021,174,,,1,0,0,0,1,0,1,KB,
Radiohead,Creep,1992,2021,118,,,0,0,1,0,1,1,0,KB,
Radiohead,Fake Plastic Trees,1995,2004,376,,,0,0,0,1,0,0,0,KB,
Radiohead,Idioteque,2000,2021,48,,,0,0,0,0,0,0,0,KB,
Radiohead,Karma Police,1997,2021,279,,,1,0,0,0,1,0,1,LJ,
Radiohead,Paranoid Android,1997,2004,256,,,1,0,0,0,1,0,1,LJ,
Rage Against the Machine,Killing in the Name,1992,2021,207,,,1,0,1,0,1,1,1,LJ,
Ramones,Blitzkrieg Bop,1976,2021,64,,,1,0,1,0,1,1,1,LJ,
Ramones,Sheena Is a Punk Rocker,1977,2021,434,,,0,0,0,0,0,0,0,LJ,
Randy Newman,Sail Away,1972,2004,264,,,0,0,0,0,0,0,0,LJ,
Randy Newman,Sail Away,1972,2021,275,,,0,0,0,0,0,0,0,LJ,
Ray Charles,Georgia on My Miind,1960,2004,44,,,0,0,0,0,0,0,0,LJ,
Ray Charles,Georgia on My Mind,1960,2021,283,,,0,0,0,0,0,0,0,LJ,
Ray Charles,Hit the Road Jack,1961,2004,377,,,0,0,1,0,1,1,0,LJ,
Ray Charles,I Can't Stop Loving You,1962,2004,161,,,0,0,1,0,1,1,0,LJ,
Ray Charles,I Got a Woman,1954,2004,235,,,0,0,1,0,1,1,0,LJ,
Ray Charles,What'd I Say,1959,2004,10,,,0,0,1,0,1,1,0,LJ,
Ray Charles,What'd I Say,1957,2021,80,,,1,0,0,0,1,0,1,LJ,
Red Hot Chili Peppers,Under the Bridge,1991,2021,328,,,1,0,1,0,1,1,1,LJ,
Rick James,Super Freak,1981,2004,477,,,1,0,0,0,1,0,1,LJ,
Rick James,Super Freak,1981,2021,153,,,1,0,0,0,1,0,1,LJ,
Rihanna feat. Jay-Z,Umbrella,2007,2021,332,,,0,0,0,0,0,0,0,LJ,
Rilo Kiley,Portions for Foxes,2004,2021,326,,,1,0,0,0,1,0,1,LJ,
Ritchie Valens,La Bamba,1958,2004,345,,,0,0,1,0,1,1,0,LJ,
Rob Base and DJ E-Z Rock,It Takes Two,1988,2021,116,,,0,0,0,0,0,0,0,LJ,
Robert Johnson,Cross Road Blues,1937,2021,481,,,1,0,1,1,1,1,1,LJ,
Roberta Flack,Killing Me Softly With His Song,1973,2004,360,,,1,0,0,0,1,0,1,LJ,
Roberta Flack,Killing Me Softly With His Song,1973,2021,273,,,1,0,0,0,1,0,1,LJ,
Robyn,Dancing on My Own,2010,2021,20,,,1,0,0,0,1,0,1,LJ,
Rod Stewart,Do Ya Think I'm Sexy?,1978,2004,301,,,1,0,1,1,1,1,1,LJ,
Rod Stewart,Maggie May,1971,2004,130,,,0,0,1,0,1,1,0,LJ,
Rod Stewart,Maggie May,1971,2021,141,,,0,0,1,0,1,1,0,LJ,
Roxy Music,Virginia Plain,1972,2021,348,,,1,0,1,0,1,1,1,LJ,
Roy Orbison,Crying,1961,2004,69,,,1,0,1,0,1,1,1,LJ,
Roy Orbison,Crying,1962,2021,461,,,0,0,1,0,1,1,0,LJ,
Roy Orbison,In Dreams,1963,2004,312,,,0,0,1,0,1,1,0,LJ,
Afrika Bambaataa and the Soul Sonic Force,Planet Rock,1982,2004,237,0,19,1,0,1,0,1,1,1,MK,
Afrika Bambaataa and the Soul Sonic Force,Planet Rock,1982,2021,395,0,19,1,0,1,0,1,1,1,MK,
Alanis Morissette,You Oughta Know,1995,2021,103,0,0,0,0,1,0,1,1,0,MK,
Ann Peebles,I Can't Stand the Rain,1973,2021,197,0,5,0,0,0,1,0,0,0,MK,
Aretha Franklin,(You Make Me Feel Like) A Natural Woman,1967,2021,90,0,3,1,0,0,0,1,0,1,MK,
Backstreet Boys,I Want It That Way,1999,2021,240,0,8,0,0,0,1,0,0,0,MK,
Beyonce,Formation,2016,2021,73,0,8,1,0,0,0,1,0,1,MK,
Big Mama Thornton,Hound Dog,1953,2021,318,0,16,0,0,0,0,0,0,0,MK,
Bikini Kill,Rebel Girl,1993,2021,296,0,21,0,0,0,0,0,0,0,MK,
Biz Markie,Just a Friend,1989,2021,480,0,0,0,0,1,0,1,1,0,MK,
Blondie,Dreaming,1979,2021,414,0,26,0,0,0,0,0,0,0,MK,
Blondie,Heart of Glass,1979,2021,138,0,16,0,0,0,0,0,0,0,MK,
Bob Dylan,Like a Rolling Stone,1965,2021,4,0,11,1,0,0,0,1,0,1,MK,
Bob Dylan,Tangled Up in Blue,1975,2021,67,0,10,0,0,0,0,0,0,0,MK,
Bob Marley and the Wailers,Could You Be Loved,1980,2021,363,0,14,0,0,0,0,0,0,0,MK,
Bob Seger,Night Moves,1976,2021,301,0,16,0,0,0,0,0,0,0,MK,
Bobbie Gentry,Ode to Billie Joe,1967,2021,191,0,8,1,0,0,0,1,0,1,MK,
Britney Spears,...Baby One More Time,1998,2021,205,0,13,1,0,1,0,1,1,1,MK,
Britney Spears,Toxic,2003,2021,114,0,13,0,0,0,0,0,0,0,MK,
Bruce Springsteen,Jungleland,1975,2021,298,0,42,0,0,1,0,1,1,0,MK,
"Cardi B, J Balvin, and Bad Bunny",I Like It,2018,2021,384,0,13,0,0,1,0,1,1,0,MK,
Carly Rae Jepsen,Call Me Maybe,2012,2021,436,0,4,0,0,0,0,0,0,0,MK,
Carole King,It`s Too Late,1971,2021,345,0,9,1,0,0,0,0,0,0,MK,
Cat Stevens/Yusuf,Father and Son,1970,2021,408,0,14,0,0,0,0,0,0,0,MK,
Cheap Trick,Surrender,1978,2021,356,0,15,0,0,1,0,1,1,0,MK,
Cher,Believer,1998,2021,337,0,29,0,0,1,1,1,1,0,MK,
Chuck Berry,Promised Land,1964,2021,342,0,3,0,0,0,0,0,0,0,MK,
Coldplay,Fix You,2005,2021,392,0,14,0,0,0,0,0,0,0,MK,
Creedence Clearwater Revival,Fortunate Son,1969,2021,227,0,18,0,0,1,0,1,1,0,MK,
"Crosby, Stills & Nash",Suite: Judy Blue Eyes,1969,2021,222,0,10,0,0,0,0,0,0,0,MK,
Cyndi Lauper,Time After Time,1983,2021,494,0,14,0,0,1,0,1,1,0,MK,
Daft Punk feat. Pharrell Williams,Get Lucky,2013,2021,465,0,31,0,0,1,0,1,1,0,MK,
David Bowie,Heroes,1977,2021,23,0,17,0,0,1,1,1,1,0,MK,
Deee-Lite,Groove is in the Heart,1990,2021,233,0,23,0,0,0,0,0,0,0,MK,
Depeche Mode,Enjoy the Silence,1990,2021,415,0,26,0,0,0,0,0,0,0,MK,
Dixie Chicks,Goodbye Earl,2000,2021,469,0,16,0,0,0,1,0,0,0,MK,
Dolly Parton,Coat of Many Colors,1971,2021,263,0,6,0,0,0,0,0,0,0,MK,
Dolly Parton,Jolene,1974,2021,63,0,8,0,0,1,0,1,1,0,MK,
Don Henley,Boys of Summer,1984,2021,209,0,33,0,0,1,0,1,1,0,MK,
Dr. Dre feat. Snoop Doggy Dogg,Nuthin' but a 'G' Thang,1992,2021,29,0,10,0,0,0,0,0,0,0,MK,
Drake,Hotline Bling,2015,2021,373,0,12,0,0,0,0,0,0,0,MK,
Dusty Springfield,Son of a Preacher Man,1968,2021,168,0,10,0,0,1,0,1,1,0,MK,50
"Earth, Wind, and Fire",September,1978,2021,65,0,18,0,0,1,0,1,1,0,MK,
Eddie Cochran,Summertime Blues,1958,2021,432,0,9,0,0,0,0,0,0,0,MK,
Elton John,Rocket Man,1972,2021,149,0,0,1,0,1,0,1,1,1,MK,
Elvis Presley,Heartbreak Hotel,1958,2021,347,0,0,1,0,1,0,1,1,1,MK,
Elvis Presley,Suspicious Minds,1969,2021,70,0,5,0,0,1,0,1,1,0,MK,
Eminem feat. Dido,Stan,2000,2021,223,0,49,0,0,0,0,0,0,0,MK,
Eric Church,Springsteen,2011,2021,391,0,9,1,0,0,0,1,0,1,MK,
Etta James,At Last,1960,2021,115,0,19,0,0,0,0,0,0,0,MK,
Eurythmics,Sweet Dreams (Are Made Of This),1983,2021,353,0,8,0,0,0,0,0,0,0,MK,
Fall Out Boy,"Sugar, We're Goin Down",2005,2021,443,0,26,0,0,0,0,0,0,0,MK,
Fiona Apple,Criminal,1996,2021,423,0,22,0,0,0,0,0,0,0,MK,
Fiona Apple,Paper Bag,1999,2021,382,0,9,0,0,0,0,0,0,0,MK,
Fleetwood Mac,Dreams,1977,2021,9,0,17,0,0,0,0,0,0,0,MK,
Fountains of Wayne,Radiation Vibe,1996,2021,380,0,9,0,0,0,0,0,0,0,MK,
George Jones,He Stopped Loving Her Today,1980,2021,142,0,0,0,0,0,1,0,0,0,MK,
George Michael,Freedom! '90,1990,2021,126,0,52,1,0,1,0,1,1,1,MK,
Green Day,Basket Case,1994,2021,150,0,0,0,0,1,0,1,1,0,MK,
Hall and Oates,She's Gone,1973,2021,336,0,62,0,0,1,0,1,1,0,MK,
Hank Williams,Your Cheatin' Heart,1953,2021,237,0,7,0,0,0,0,0,0,0,MK,
Harry Nilsson,Without You,1971,2021,496,0,7,0,0,0,0,0,0,0,MK,
Harry Styles,Sign of the Times,2017,2021,428,0,16,0,0,1,0,1,1,0,MK,
Hole,Doll Parts,1994,2021,208,0,1,0,0,1,0,1,1,0,MK,
Ice Cube,It Was a Good Day,1992,2021,352,0,23,0,0,1,0,1,1,0,MK,
INXS,Never Tear Us Apart,1988,2021,282,0,14,0,0,1,0,1,1,0,MK,
James Brown,Papas Got a Brand New Bag,1966,2021,72,1,2,1,0,1,0,1,1,1,MK,
Jay-Z,99 Problems,2003,2021,96,0,0,0,0,0,1,0,0,0,MK,
Jefferson Airplane,White Rabbit,1967,2021,455,0,28,0,0,0,1,0,0,0,MK,
Jerry Lee Lewis,Great Balls of Fire,1957,2021,242,0,0,0,0,0,1,0,0,0,MK,
John Coltrane,Pt.1-Acknowledgement,1965,2021,315,0,64,1,0,0,0,1,0,1,MK,
John Lee Hooker,Boom Boom,1962,2021,463,0,18,0,0,0,0,0,0,0,MK,
Joni Mitchell,A Case of You,1971,2021,26,0,19,0,0,1,0,1,1,0,MK,
Joni Mitchell,Both Sides Now,1969,2021,225,0,11,0,0,0,0,0,0,0,MK,
Kacey Musgraves,Merry Go 'Round,2013,2021,362,0,10,0,0,0,0,0,0,0,MK,
Kate Bush,Running Up That Hill,1985,2021,60,0,25,0,0,0,0,0,0,0,MK,
Kiss,Rock and Roll All Nite,1975,2021,404,0,13,0,0,0,0,0,0,0,MK,
Kraftwerk,Trans-Europe Express,1977,2021,304,0,119,0,0,0,0,0,0,0,MK,75
Lady Gaga,Bad Romance,2009,2021,482,0,32,0,0,0,0,0,0,0,MK,
Leonard Cohen,Suzanne,1967,2021,284,0,10,0,0,1,0,1,1,0,MK,
Liz Phair,Divorce Song,1993,2021,308,0,15,1,0,0,0,1,0,1,MK,
Lizzo,Truth Hurts,2017,2021,497,0,6,1,0,1,0,1,1,1,MK,
Lorde,Royals,2011,2021,30,0,0,0,0,0,0,0,0,0,MK,
Loretta Lynn,Coal Miner's Daughter,1970,2021,255,0,7,0,0,0,0,0,0,0,MK,
Lou Reed,Walk on the Wild Side,1972,2021,180,0,19,1,0,1,0,1,1,1,MK,
Lucinda Williams,Passionate Kisses,1988,2021,437,0,8,0,0,1,0,1,1,0,MK,
Madonna,Into the Groove,1985,2021,161,0,17,0,0,0,0,0,0,0,MK,
Madonna,Vogue,1990,2021,139,0,85,1,0,0,0,1,0,1,MK,
Mariah Carey,Fantasy,1995,2021,419,0,39,0,0,1,0,1,1,0,MK,
Marvin Gaye,Let's Get it On,1973,2021,264,0,3,0,0,0,0,0,0,0,MK,
Mazzy Star,Fade Into You,1993,2021,468,0,20,1,0,0,0,1,0,1,MK,
Megan Thee Stallion feat. Beyonc‚àö¬©,Savage (Remix),2020,2021,438,0,2,0,0,0,0,0,0,0,MK,
Michael Jackson,Billie Jean,1982,2021,44,0,28,1,0,0,0,1,0,1,MK,
Miranda Lambert,The House That Built Me,2010,2021,441,0,20,0,0,0,0,0,0,0,MK,
Mobb Deep,"Shook Ones, Pt. II",1995,2021,215,0,28,0,0,1,0,1,1,0,MK,
Motorhead,Ace of Spades,1980,2021,442,1,14,0,0,0,0,0,0,0,MK,
Muddy Waters,Mannish Boy,1955,2021,425,0,33,1,0,0,0,1,0,1,MK,
Neil Young,After the Gold Rush,1970,2021,322,0,2,0,0,0,0,0,0,0,MK,
Neil Young,Heart of Gold,1972,2021,259,0,34,1,0,0,0,0,0,0,MK,
Neil Young,Powderfinger,1979,2021,450,0,9,0,0,0,0,0,0,0,MK,
Nicki Minaj,Super Bass,2010,2021,426,0,8,1,0,1,0,1,1,1,MK,
Nine Inch Nails,Closer,1994,2021,270,0,21,0,0,1,0,1,1,0,MK,
Nirvana,Come as You Are,1991,2021,467,0,16,0,0,1,0,1,1,0,MK,
Oasis,Wonderwall,1995,2021,95,0,22,0,0,0,0,0,0,0,MK,
Outkast,Ms. Jackson,2000,2021,145,0,22,0,0,0,0,0,0,0,MK,
Patsy Cline,Crazy,1961,2021,195,0,13,1,0,0,0,1,0,1,MK,
Patti Smith,Because the Night,1978,2021,358,0,10,1,0,0,0,1,0,1,MK,
Patti Smith,Gloria,1975,2021,97,0,22,0,0,0,0,0,0,0,MK,
Paul Simon,American Tune,1973,2021,262,0,5,0,0,0,0,0,0,0,MK,
Pavement,Summer Babe (Winter Version),1992,2021,244,0,20,0,0,0,0,0,0,0,MK,
Pearl Jam,Alive,1991,2021,416,0,32,0,0,1,0,1,1,0,MK,
Peter Gabriel,Solsbury Hill,1977,2021,472,0,27,0,0,0,0,0,0,0,MK,
PJ Harvey,Rid of Me,1993,2021,194,0,46,0,0,0,0,0,0,0,MK,
Pretenders,Brass in Pocket,1979,2021,389,0,4,0,0,0,0,0,0,0,MK,
Pulp,Common People,1996,2021,75,0,8,0,0,0,0,1,0,0,MK,
R.E.M.,Radio Free Europe,1983,2021,174,0,12,1,0,0,0,1,0,1,MK,
Radiohead,Idioteque,2000,2021,48,0,59,0,0,0,0,0,0,0,MK,
Rihanna feat. Jay-Z,Umbrella,2007,2021,332,0,10,0,0,1,0,1,1,0,MK,
Rufus and Chaka Khan,Ain't Nobody,1983,2021,403,0,37,1,0,0,0,0,0,0,MK,
Selena,Amor Prohibido,1994,2021,405,0,12,0,0,0,0,0,0,0,MK,
Sex Pistols,God Save The Queen,1977,2021,365,0,19,0,0,0,0,0,0,0,MK,
Sinead O'Connor,Nothing Compares 2 U,1990,2021,162,0,10,1,0,1,0,1,1,1,MK,
Sister Nancy,Bam Bam,1982,2021,454,0,12,0,0,0,0,0,0,0,MK,
Sonic Youth,Teenage Riot,1988,2021,157,0,124,0,0,0,0,0,0,0,MK,
Steel Pulse,Ku Klux Klan,1978,2021,460,0,32,0,0,0,0,0,0,0,MK,
Stevie Nicks,Edge of Seventeen,1981,2021,217,0,8,1,0,0,0,1,0,1,MK,
Talking Heads,Once in a Lifetime,1980,2021,28,0,17,0,0,0,0,0,0,0,MK,
Talking Heads,This Must Be the Place (Naive Melody),1983,2021,123,0,63,0,0,0,0,0,0,0,MK,
Taylor Swift,All Too Well,2012,2021,69,0,20,0,0,0,0,0,0,0,MK,
Taylor Swift,All Too Well,2012,2021,69,0,20,0,0,0,0,0,0,0,MK,
Taylor Swift,Blank Space,2014,2021,357,0,5,0,0,0,0,0,0,0,MK,
Taylor Swift,Blank Space,2014,2021,357,0,5,0,0,1,1,0,0,0,MK,
The Animals,The House of the Rising Sun,1964,2021,471,0,12,1,0,1,1,1,1,1,MK,
The Animals,The House of the Rising Sun,1964,2021,471,0,12,1,0,0,0,1,0,1,MK,
The B-52s,Rock Lobster,1978,2021,300,0,10,1,0,0,1,1,1,1,MK,
The B-52s,Rock Lobster,1978,2021,300,0,10,0,0,0,0,0,0,0,MK,
The Band,The Weight,1968,2021,58,0,10,1,0,1,0,1,1,1,MK,
The Band,The Weight,1968,2021,58,0,10,0,0,1,0,1,1,0,MK,
The Beach Boys,Good Vibrations,1966,2021,53,0,0,0,0,0,0,0,0,0,MK,
The Beach Boys,Good Vibrations,1966,2021,53,0,0,0,0,0,0,0,0,0,MK,
The Beatles,Let It Be,1970,2021,121,0,12,1,0,0,0,0,0,0,MK,
The Beatles,Let It Be,1970,2021,121,0,12,1,0,0,0,0,0,0,MK,
The Beatles,Penny Lane,1967,2021,280,0,0,0,0,0,0,0,0,0,MK,
The Beatles,Penny Lane,1967,2021,280,0,0,0,0,0,0,0,0,0,MK,
The Byrds,Eight Miles High,1966,2004,150,0,29,0,0,0,0,0,0,0,MK,
The Byrds,Eight Miles High,1966,2021,181,0,29,1,0,0,0,1,0,1,MK,
The Byrds,Eight Miles High,1966,2021,181,0,29,0,0,0,1,0,0,0,MK,
The Byrds,Eight Miles High,1966,2021,181,0,29,,,,,,,,MK,
The Go-Gos,Our Lips Are Sealed,1981,2021,477,0,16,1,0,1,0,1,1,1,MK,
The Go-Gos,Our Lips Are Sealed,1981,2021,477,0,16,1,0,1,0,1,1,1,MK,
The Jackson 5,I Want You Back,1969,2021,104,0,30,0,0,0,0,0,0,0,MK,
The Jackson 5,I Want You Back,1969,2004,120,0,30,,,,,,,,MK,
The Jackson 5,I Want You Back,1969,2021,104,0,30,,,,,,,,MK,
The Jackson 5,I Want You Back,1969,2021,104,0,30,,,,,,,,MK,
The Killers,Mr. Brightside,2003,2021,378,0,6,0,0,1,1,1,1,0,MK,
The Killers,Mr. Brightside,2003,2021,378,0,6,0,0,1,1,1,1,0,MK,
The Kingsmen,Louie Louie,1963,2021,156,0,8,1,0,1,0,1,1,1,MK,
The Kingsmen,Louie Louie,1963,2004,55,0,8,1,0,1,0,1,1,1,MK,
The Kingsmen,Louie Louie,1963,2021,156,0,8,1,0,1,0,1,1,1,MK,
The Kingsmen,Louie Louie,1963,2021,156,0,8,,,,,,,,MK,
The Kinks,Lola,1970,2021,386,0,5,0,0,0,0,0,0,0,MK,
The Kinks,Lola,1970,2004,422,0,5,0,0,0,0,0,0,0,MK,
The Kinks,Lola,1970,2021,386,0,5,0,0,0,0,0,0,0,MK,
The Mamas and the Papas,California Dreamin',1965,2021,420,0,7,0,0,1,0,0,0,0,MK,
The Mamas and the Papas,California Dreamin',1965,2004,89,0,7,0,0,1,0,0,0,0,MK,
The Mamas and the Papas,California Dreamin',1965,2021,420,0,7,0,0,1,0,0,0,0,MK,
The Monkees,I'm a Believer,1966,2021,341,0,5,,,,,,,,MK,
The Monkees,I'm a Believer,1966,2021,341,0,5,,,,,,,,MK,
The Replacements,Left of the Dial,1985,2021,265,0,22,,,,,,,,MK,
The Replacements,Left of the Dial,1985,2021,265,0,22,,,,,,,,MK,
The Replacements,Left of the Dial,1985,2021,265,0,22,,,,,,,,MK,
The Rolling Stones,(I Can't Get No) Satisfaction,1965,2021,31,0,14,,,,,,,,MK,
The Rolling Stones,"Paint It, Black",1966,2021,213,0,15,,,,,,,,MK,
The Ronettes,Be My Baby,1963,2021,22,0,8,,,,,,,,MK,
The Ronettes,Be My Baby,1963,2004,22,0,8,,,,,,,,MK,
The Ronettes,Be My Baby,1963,2021,22,0,8,,,,,,,,MK,
The Shangri-Las,Leader of the Pack,1964,2021,316,0,32,,,,,,,,MK,
The Shangri-Las,Leader of the Pack,1964,2004,447,0,32,,,,,,,,MK,
The Shangri-Las,Leader of the Pack,1964,2021,316,0,32,,,,,,,,MK,
The Slits,Typical Girls,1979,2021,381,0,32,,,,,,,,MK,
The Slits,Typical Girls,1979,2021,381,0,32,,,,,,,,MK,
The Stooges,I Wanna Be Your Dog,1969,2021,314,0,31,,,,,,,,MK,
The Stooges,I Wanna Be Your Dog,1969,2004,438,0,31,,,,,,,,MK,
The Stooges,I Wanna Be Your Dog,1969,2021,314,0,31,,,,,,,,MK,
The Stooges,I Wanna Be Your Dog,1969,2021,314,0,31,,,,,,,,MK,
The Supremes,Baby Love,1964,2021,499,0,10,,,,,,,,MK,
The Supremes,Baby Love,1964,2004,324,0,10,,,,,,,,MK,
The Supremes,Baby Love,1964,2021,499,0,10,,,,,,,,MK,
The Supremes,Baby Love,1964,2021,499,0,10,,,,,,,,MK,
The Temptations,My Girl,1965,2021,43,0,9,,,,,,,,MK,
The Temptations,My Girl,1965,2021,43,0,9,,,,,,,,MK,
The Temptations,Papa Was A Rollin' Stone,1972,2004,168,0,114,,,,,,,,MK,
The Temptations,Papa Was A Rollin' Stone,1972,2021,333,0,114,,,,,,,,MK,
The Temptations,Papa Was a Rollin' Stone',1972,2021,333,0,114,,,,,,,,MK,
The Temptations,Papa Was a Rollin' Stone',1972,2021,333,0,114,,,,,,,,MK,
The Velvet Underground,I'm Waiting for the Man,1967,2021,159,0,16,,,,,,,,MK,
The Velvet Underground,I'm Waiting for the Man,1967,2021,81,0,16,,,,,,,,MK,
The Velvet Underground,I'm Waiting for the Man,1967,2004,159,0,16,,,,,,,,MK,
The Velvet Underground,Sweet Jane,1970,2021,294,0,18,,,,,,,,MK,
The White Stripes,Seven Nation Army,2003,2021,36,0,16,,,,,,,,MK,
The White Stripes,Seven Nation Army,2003,2021,36,0,16,,,,,,,,MK,
The Zombies,Time of the Season,1968,2021,349,0,8,,,,,,,,MK,
The Zombies,Time of the Season,1968,2021,349,0,8,,,,,,,,MK,
The Zombies,Time of the Season,1968,2021,349,0,8,,,,,,,,MK,
Thelma Houston,Don't Leave Me This Way,1976,2021,355,0,37,,,,,,,,MK,
Thelma Houston,Don't Leave Me This Way,1976,2021,355,0,37,,,,,,,,MK,
Thelma Houston,Don't Leave Me This Way,1976,2021,355,0,37,,,,,,,,MK,
Tina Turner,What's Love Got to Do With It,1984,2021,134,0,19,,,,,,,,MK,
Tina Turner,What's Love Got to Do With It,1984,2004,309,0,19,,,,,,,,MK,
Tina Turner,What's Love Got to Do With It,1984,2021,134,0,19,,,,,,,,MK,
TLC,No Scrubs,1999,2021,303,0,9,,,,,,,,MK,
TLC,No Scrubs,1999,2021,303,0,9,,,,,,,,MK,
Van Halen,Jump,1983,2021,177,0,28,,,,,,,,MK,
Van Halen,Jump,1983,2021,177,0,28,,,,,,,,MK,
Wilco,Heavy Metal Drummer,2002,2021,411,0,18,,,,,,,,MK,
William DeVaughn,Be Thankful for What You Got,1974,2021,374,0,34,,,,,,,,MK,
William DeVaughn,Be Thankful for What You Got,1974,2021,374,0,34,,,,,,,,MK,
Wilson Pickett,In the Midnight Hour,1965,2021,218,0,15,,,,,,,,MK,
Wilson Pickett,In The Midnight Hour,1965,2004,134,0,15,,,,,,,,MK,
Wilson Pickett,In the Midnight Hour,1965,2021,218,0,15,,,,,,,,MK,
Woody Guthrie,This Land is Your Land,1951,2021,229,0,6,,,,,,,,MK,
X-Ray Spex,Oh Bondage! Up Yours!,1977,2021,120,0,25,,,,,,,,MK,
X-Ray Spex,Oh Bondage! Up Yours!,1977,2021,120,0,25,,,,,,,,MK,
Jimi Hendrix,Little Wing,1968,2004,357,0,35,0,0,0,1,0,0,0,RW,
Jimi Hendrix,The Wind Cries Mary,1967,2004,370,0,14,0,0,0,1,0,0,0,RW,
Jimi Hendrix,Voodoo Child (Slight Return),1968,2004,101,0,65,0,0,0,1,0,0,0,RW,
Jimmy Cliff,Many Rivers to Cross,1969,2004,317,0,24,0,0,0,1,0,0,0,RW,
Jimmy Cliff,The Harder They Come,1975,2004,341,0,10,0,0,0,1,0,0,0,RW,
Jimmy Cliff,The Harder They Come,1972,2021,361,0,10,0,0,0,1,0,0,0,RW,
Joan Jett,Bad Reputation,1980,2021,249,0,15,1,0,1,1,1,1,1,RW,
Joan Jett,I Love Rock 'N Roll,1982,2004,484,0,15,1,0,1,1,1,1,1,RW,
John Coltrane,Pt.1-Acknowledgement,1965,2021,315,0,65,0,0,0,0,0,0,0,RW,
John Cougar Mellencamp,Pink Houses,1983,2004,439,0,17,1,0,0,0,1,0,1,RW,
John Lee Hooker,Boom Boom,1962,2004,218,0,19,1,0,1,0,1,1,1,RW,
John Lee Hooker,Boom Boom,1962,2021,463,0,19,1,0,1,0,1,1,1,RW,
John Lennon,Imagine,1971,2004,3,0,14,0,0,0,0,0,0,0,RW,
John Lennon,Imagine,1971,2021,19,0,14,1,0,1,0,1,1,1,RW,
John Prine,Angel From Montgomery,1971,2021,350,0,14,1,0,1,0,1,1,1,RW,
Johnny Cash,Folsom Prison Blues,1956,2004,164,0,5,0,0,0,0,0,0,0,RW,
Johnny Cash,I Walk the Line,1956,2004,30,0,29,0,0,0,0,0,0,0,RW,
Johnny Cash,I Walk the Line,1956,2021,76,0,29,0,0,1,0,0,0,0,RW,
Johnny Cash,Ring of Fire,1963,2004,87,0,9,1,0,1,0,1,1,1,RW,
Johnny Cash,Ring of Fire,1963,2021,201,0,9,1,0,1,0,1,1,1,RW,
Joni Mitchell,A Case of You,1971,2021,26,0,20,1,0,1,0,1,1,1,RW,
Joni Mitchell,Both Sides Now,1969,2004,170,0,20,0,0,1,0,1,1,0,RW,
Joni Mitchell,Both Sides Now,1969,2021,225,0,20,0,0,1,0,1,1,0,RW,
Joni Mitchell,Free Man in Paris,1974,2004,470,0,15,1,0,0,1,0,0,0,RW,
Joni Mitchell,Help Me,1974,2004,282,0,6,1,0,0,1,0,0,0,RW,
Joni Mitchell,Help Me,1974,2021,464,0,6,1,0,0,1,0,0,0,RW,
Joni Mitchell,River,1971,2021,247,0,19,0,0,0,0,0,0,0,RW,
Jorge Ben,Ponta de Lan‚ Africano (Umbabarauma),1976,2021,351,0,16,0,0,0,0,0,0,0,RW,
Journey,Don't Stop Believin',1981,2021,133,0,18,0,0,0,0,0,0,0,RW,
Joy Division,Love Will Tear Us Apart,1980,2004,179,0,27,0,0,0,0,0,0,0,RW,
Joy Division,Love Will Tear Us Apart,1980,2021,41,0,27,0,0,0,0,0,0,0,RW,
Juvenile feat. Lil Wayne and Mannie Fresh,Back That Azz Up,1998,2021,478,0,15,0,0,0,0,0,0,0,RW,
Kacey Musgraves,Merry Go 'Round,2013,2021,362,0,11,0,0,0,0,0,0,0,RW,
Kanye West,Stronger,2007,2021,500,0,0,0,0,0,0,0,0,0,RW,
Kanye West feat. Pusha T,Runaway,2010,2021,25,0,38,0,0,0,0,0,0,0,RW,
Kate Bush,Running Up That Hill,1985,2021,60,0,25,1,0,1,0,1,1,1,RW,
Kelly Clarkson,Since U Been Gone,2004,2021,93,0,4,0,0,1,1,1,1,0,RW,
Kendrick Lamar,Alright,2015,2021,45,0,3,1,0,1,0,1,1,1,RW,
Kiss,Rock and Roll All Nite,1975,2021,404,0,13,0,0,0,0,0,0,0,RW,
Kraftwerk,Trans-Europe Express,1977,2021,304,0,40,0,0,0,0,0,0,0,RW,
Kris Kristofferson,Sunday Mornin' Comin' Down,1970,2021,476,0,6,0,0,0,0,0,0,0,RW,
Labelle,Lady Marmalade,1975,2004,479,0,8,0,0,0,0,0,0,0,RW,
Lady Gaga,Bad Romance,2009,2021,482,0,0,0,0,0,0,0,0,0,RW,
Lana Del Rey,Summertime Sadness,2012,2021,456,0,17,0,0,0,0,0,0,0,RW,
Lauryn Hill,Doo Wop (That Thing),1998,2021,49,0,1,0,0,0,0,0,0,0,RW,
Lavern Baker,Jim Dandy,1956,2004,343,0,9,0,0,0,0,0,0,0,RW,
LCD Soundsystem,All My Friends,2007,2021,87,0,81,0,0,0,0,0,0,0,RW,
Led Zeppelin,Black Dog,1971,2004,294,0,6,0,0,1,0,1,1,0,RW,
Led Zeppelin,Heartbreaker,1969,2004,320,0,26,0,0,1,0,1,1,0,RW,
Led Zeppelin,Kashmir,1975,2004,140,0,18,0,0,1,0,1,1,0,RW,
Led Zeppelin,Kashmir,1975,2021,148,0,18,0,0,1,0,1,1,0,RW,
Led Zeppelin,Ramble On,1969,2004,433,0,20,0,0,1,0,1,1,0,RW,
Led Zeppelin,Stairway To Heaven,1971,2004,31,0,53,1,0,1,0,1,1,1,RW,
Led Zeppelin,Stairway to Heaven,1971,2021,61,0,53,1,0,0,0,1,0,1,RW,
Led Zeppelin,Whole Lotta Love,1969,2004,75,0,11,0,0,0,0,0,0,0,RW,
Led Zeppelin,Whole Lotta Love,1969,2021,128,0,11,1,0,0,0,1,0,1,RW,
Leonard Cohen,Hallelujah,1984,2021,74,0,3,0,0,0,0,0,0,0,RW,
Leonard Cohen,Suzanne,1967,2021,284,0,10,0,0,1,0,1,1,0,RW,
Lil Nas X,Old Town Road,2019,2021,490,0,13,0,0,1,0,1,1,0,RW,
Lil Wayne,A Milli,2009,2021,486,0,13,1,0,0,0,1,0,1,RW,
Aretha Franklin,"Do Right Woman, Do Right Man",1967,2004,473,0,8,0,0,1,0,1,1,0,SMC,
Aretha Franklin,I Never Loved a Man (The Way I Love You),1967,2004,186,0,8,0,0,1,0,1,1,0,SMC,
Aretha Franklin,I Say a Little Prayer,1968,2021,117,0,8,0,0,1,0,1,1,0,SMC,
Aretha Franklin,Respect,1967,2004,5,0,9,0,0,0,1,0,0,0,SMC,
Aretha Franklin,Respect,1967,2021,1,0,9,0,0,0,1,0,0,0,SMC,
Ariana Grande,"Thank U, Next",2019,2021,137,0,8,0,0,0,1,0,0,0,SMC,
Augustus Pablo,King Tubby Meets the Rockers Uptown,1974,2021,266,0,15,0,0,0,1,0,0,0,SMC,
Azealia Banks,212,2011,2021,485,0,15,0,0,0,1,0,0,0,SMC,
B.B. King,The Thrill Is Gone,1969,2004,183,0,33,0,0,0,1,0,0,0,SMC,
Bad Bunny,Safaera,2020,2021,329,0,11,0,0,0,1,0,0,0,SMC,
Barrett Strong,Money (That's What I Want),1960,2004,288,0,22,0,0,0,1,0,0,0,SMC,
Beastie Boys,Sabotage,1994,2021,245,0,18,0,0,0,1,0,0,0,SMC,
Beck,Loser,1993,2004,200,0,22,0,0,0,1,0,0,0,SMC,
Beck,Loser,1993,2021,458,0,22,0,0,1,1,1,1,0,SMC,
Bee Gees,Stayin' Alive,1977,2004,189,0,14,0,0,1,1,1,1,0,SMC,
Bee Gees,Stayin' Alive,1977,2021,99,0,14,0,0,1,1,1,1,0,SMC,
Ben E. King,Spanish Harlem,1960,2004,349,0,8,0,0,1,1,1,1,0,SMC,
Ben E. King,Stand By Me,1961,2004,121,0,15,1,0,0,0,1,0,1,SMC,
Ben E. King,Stand by Me,1961,2021,131,0,15,0,0,0,0,0,0,0,SMC,
Beyonce,Single Ladies (Put A Ring On It),2008,2021,228,0,10,0,0,0,0,0,0,0,SMC,
Beyonce feat. Jay-Z,Crazy in Love,2003,2021,16,0,14,0,0,1,0,1,1,0,SMC,
Big Brother and the Holding Company,Piece of My Heart,1968,2004,344,0,24,0,0,0,0,0,0,0,SMC,
Big Joe Turner,"Shake, Rattle and Roll",1954,2004,126,0,6,0,0,0,0,0,0,0,SMC,
Big Star,September Gurls,1974,2004,178,0,8,0,0,0,0,0,0,0,SMC,
Big Star,September Gurls,1974,2021,239,0,8,0,0,0,0,0,0,0,SMC,
Big Star,Thirteen,1972,2004,396,0,5,0,0,0,0,0,0,0,SMC,
Bill Haley and His Comets,(We're Gonna) Rock Around the Clock,1954,2004,158,1,12,0,0,0,0,0,0,0,SMC,
Bill Withers,Ain't No Sunshine,1971,2004,280,0,0,1,0,0,0,1,0,1,SMC,
Bill Withers,Ain't No Sunshine,1971,2021,309,0,0,0,0,0,0,0,0,0,SMC,
Bill Withers,Lean On Me,1972,2004,205,0,27,0,0,1,0,1,1,0,SMC,
Bill Withers,Lean on Me,1972,2021,236,0,27,0,0,1,0,1,1,0,SMC,
Bill Withers,Lovely Day,1977,2021,402,0,20,0,0,1,0,1,1,0,SMC,
Billie Eilish,Bad Guy,2019,2021,178,0,14,0,0,1,0,1,1,0,SMC,
Billie Holiday,Strange Fruit,1939,2021,21,0,19,0,0,1,0,1,1,0,SMC,
Billy Joel,Piano Man,1973,2004,421,0,30,0,0,1,0,1,1,0,SMC,
Billy Joel,Scenes From an Italian Restaurant,1977,2021,324,0,14,0,0,1,0,1,1,0,SMC,
Black Sabbath,Iron Man,1971,2004,310,0,40,0,0,0,0,0,0,0,SMC,
Black Sabbath,Iron Man,1971,2021,344,0,40,0,0,0,0,0,0,0,SMC,
Black Sabbath,Paranoid,1970,2004,250,0,11,0,0,0,0,0,0,0,SMC,
Black Sabbath,Paranoid,1970,2021,338,0,11,0,0,0,0,0,0,0,SMC,
Blackstreet feat. Dr. Dre and Queen Pen,No Diggity,1996,2021,424,0,22,0,0,0,0,0,0,0,SMC,
Blondie,Call Me,1980,2004,283,0,15,0,0,0,0,0,0,0,SMC,
Blondie,Heart of Glass,1978,2004,255,0,8,0,0,0,0,0,0,0,SMC,
Blondie,One Way or Another,1978,2004,298,0,24,0,0,0,0,0,0,0,SMC,
Blue Oyster Cult,(Don't Fear) the Reaper,1976,2004,397,0,12,0,0,0,0,0,0,0,SMC,
Blue Oyster Cult,(Don't Fear) The Reaper,1976,2021,449,0,12,0,0,0,0,0,0,0,SMC,
Bo Diddley,Bo Diddley,1955,2004,62,0,10,0,0,1,0,0,0,0,SMC,
Bo Diddley,Bo Diddley,1955,2021,277,0,10,0,0,0,0,0,0,0,SMC,
Bo Diddley,I'm a Man,1955,2004,369,0,7,0,0,0,0,0,0,0,SMC,
Bo Diddley,Who Do You Love,1957,2004,132,0,25,0,0,0,0,0,0,0,SMC,
Bob Dylan,Blowin' in the Wind,1963,2004,14,0,2,1,0,1,0,1,1,1,SMC,
Bob Dylan,Blowin' in the Wind,1963,2021,100,0,2,1,0,0,0,1,0,1,SMC,
Bob Dylan,Desolation Row,1963,2004,185,0,8,0,0,0,0,0,0,0,SMC,
Bob Dylan,Desolation Row,1965,2021,83,0,8,1,0,1,0,1,1,1,SMC,
Bob Dylan,Highway 61 Revisited,1965,2004,364,0,7,1,0,1,0,1,1,1,SMC,
Bob Dylan,Just Like a Woman,1966,2004,230,0,12,0,0,1,0,1,1,0,SMC,
Bob Dylan,Knocking on Heaven's Door,1973,2004,190,0,28,0,0,1,0,1,1,0,SMC,
Bob Dylan,Like a Rolling Stone,1965,2004,1,0,10,1,0,0,0,1,0,1,SMC,
Bob Dylan,Mr. Tambourine Man,1965,2004,106,0,5,0,0,0,0,0,0,0,SMC,
Bob Dylan,Mr. Tambourine Man,1965,2021,164,0,5,0,0,0,0,0,0,0,SMC,
Bob Dylan,Positively 4th Street,1965,2004,203,0,10,0,0,0,0,0,0,0,SMC,
Bob Dylan,Subterranean Homesick Blues,1965,2004,332,0,8,0,0,0,0,0,0,0,SMC,
Bob Dylan,Subterranean Homesick Blues,1965,2021,187,0,8,0,0,0,0,0,0,0,SMC,
Bob Dylan,Tangled Up in Blue,1975,2004,68,0,10,0,0,0,0,0,0,0,SMC,
Bob Dylan,The Times They Are A-Changin',1964,2004,59,0,2,0,0,0,0,0,0,0,SMC,
Bob Dylan,Visions of Johanna,1966,2004,404,0,11,0,0,0,0,0,0,0,SMC,
Bob Dylan,Visions of Johanna,1966,2021,317,0,11,0,0,0,0,0,0,0,SMC,
Bob Marley and the Wailers,"Get Up, Stand Up",1975,2004,296,0,7,0,0,0,0,0,0,0,SMC,
Bob Marley and the Wailers,I Shot the Sheriff,1973,2004,443,0,0,0,0,0,0,0,0,0,SMC,
Bob Marley and the Wailers,No Woman No Cry,1975,2021,140,0,10,0,0,0,0,0,0,0,SMC,
Bob Marley and the Wailers,No Woman No Cry,1975,2004,37,0,10,0,0,0,0,0,0,0,SMC,
Bob Marley and the Wailers,Redemption Song,1980,2004,66,0,16,0,0,0,0,0,0,0,SMC,
Bob Marley and the Wailers,Redemption Song,1980,2021,42,0,16,0,0,0,0,0,0,0,SMC,
Bobbie Gentry,Ode to Billie Joe,1967,2004,412,0,8,0,0,0,0,0,0,0,SMC,
Bobby Darin,Mack the Knife,1959,2004,251,0,7,0,0,0,0,0,0,0,SMC,
Bon Jovi,Livin' on a Prayer,1986,2021,457,0,45,1,0,0,0,1,0,1,SMC,
Bonnie Raitt,I Can't Make You Love Me,1991,2004,331,0,32,0,0,1,0,1,1,0,SMC,
Bonnie Raitt,I Can't Make You Love Me,1991,2021,372,0,32,0,0,1,0,1,1,0,SMC,
Booker T. and the MGs,Green Onions,1962,2004,181,0,7,1,0,0,0,1,0,1,SMC,
Booker T. and the MGs,Green Onions,1962,2021,418,0,7,1,0,0,0,1,0,1,SMC,
Boston,More Than a Feeling,1976,2004,500,0,17,0,0,0,0,0,0,0,SMC,
Boston,More Than A Feeling,1976,2021,212,0,17,0,0,1,0,1,1,0,SMC,
Brook Benton,Rainy Night in Georgia,1970,2004,498,0,13,0,0,0,0,0,0,0,SMC,
Bruce Springsteen,Atlantic City,1982,2021,289,0,0,1,0,1,0,1,1,1,SMC,
Bruce Springsteen,Born in the U.S.A.,1984,2004,275,0,18,0,0,0,0,0,0,0,SMC,
Bruce Springsteen,Born to Run,1975,2004,21,0,13,0,0,0,0,0,0,0,SMC,
Bruce Springsteen,Born to Run,1975,2021,27,0,13,1,0,1,0,1,1,1,SMC,
Bruce Springsteen,Rosalita (Come Out Tonight),1973,2021,446,0,27,0,0,1,0,0,0,0,SMC,
Bruce Springsteen,Thunder Road,1975,2004,86,0,18,0,0,1,0,0,0,0,SMC,
Bruce Springsteen,Thunder Road,1975,2021,111,0,18,0,0,0,0,0,0,0,SMC,
BTS,Dynamite,2020,2021,346,0,9,0,0,0,0,0,0,0,SMC,
Buddy Holly,Everyday,1957,2004,236,0,4,0,0,1,0,1,1,0,SMC,
Buddy Holly,Peggy Sue,1957,2004,194,0,8,0,0,1,0,1,1,0,SMC,
Buddy Holly,Peggy Sue,1958,2021,370,0,8,0,0,0,0,0,0,0,SMC,
Buddy Holly,That'll Be the Day,1957,2021,124,0,2,1,0,1,0,1,1,1,SMC,
Buddy Holly,That'll Be the Day,1957,2004,39,0,2,0,0,1,0,1,1,0,SMC,
Buddy Holly and the Crickets,Not Fade Away,1957,2004,107,0,9,0,0,1,0,1,1,0,SMC,
Buddy Holly and the Crickets,Rave On,1958,2004,154,0,1,0,0,0,0,0,0,0,SMC,
Buffalo Springfield,For What It's Worth,1967,2004,63,0,9,0,0,1,0,1,1,0,SMC,
Buzzcocks,Ever Fallen in Love (With Someone You Shouldn't've),1978,2021,276,0,11,0,0,1,0,1,1,0,SMC,
"Cardi B, J Balvin, and Bad Bunny",I Like It,2018,2021,384,0,12,0,0,1,0,1,1,0,SMC,
Carl Perkins,Blue Suede Shoes,1956,2004,95,0,8,0,0,1,0,1,1,0,SMC,
Carly Rae Jepsen,Call Me Maybe,2012,2021,436,0,3,0,0,1,0,1,1,0,SMC,
Carly Simon,You're So Vain,1972,2021,495,0,18,1,0,0,0,1,0,1,SMC,
Carole King,It's Too Late,1970,2004,469,0,9,0,0,0,0,0,0,0,SMC,
Carole King,It's Too Late,1971,2021,345,0,9,1,0,0,0,0,0,0,SMC,
Cat Stevens/Yusuf,Father and Son,1970,2021,408,0,14,0,0,1,0,1,1,0,SMC,
Celia Cruz,La Vida Es un Carnaval,1998,2021,439,0,21,0,0,0,0,0,0,0,SMC,
Cheap Trick,Surrender,1978,2004,465,0,15,0,0,1,0,1,1,0,SMC,
Cheap Trick,Surrender,1978,2021,356,0,15,0,0,1,0,1,1,0,SMC,
Cher,Believer,1998,2021,337,0,29,0,0,1,1,1,1,0,SMC,
Chic,Good Times,1979,2004,224,0,18,1,0,0,0,1,0,1,SMC,
Chic,Good Times,1979,2021,68,0,18,0,0,0,0,0,0,0,SMC,
Childish Gambino,Redbone,2016,2021,383,0,30,0,0,1,0,1,1,0,SMC,
Chubby Checker,The Twist,1960,2004,451,0,6,0,0,0,0,0,0,0,SMC,
Chuck Berry,Brown Eyed Handsome Man,1956,2004,374,0,6,0,0,0,0,0,0,0,SMC,
Chuck Berry,Johnny B. Goode,1958,2004,7,0,17,0,0,0,0,0,0,0,SMC,
Chuck Berry,Johnny B. Goode,1958,2021,33,0,17,0,0,0,0,0,0,0,SMC,
Chuck Berry,Maybellene,1955,2004,18,0,4,0,0,0,0,1,0,0,SMC,
Chuck Berry,Maybellene,1955,2021,102,0,4,0,0,0,0,1,0,0,SMC,
Chuck Berry,Promised Land,1964,2021,342,0,3,0,0,0,0,1,0,0,SMC,
Chuck Berry,Rock & Roll Music,1957,2004,128,0,0,1,0,1,0,1,1,1,SMC,
Chuck Berry,Roll Over Beethoven,1956,2004,97,0,15,1,0,1,0,1,1,1,SMC,
Chuck Berry,Sweet Little Sixteen,1958,2004,272,0,3,0,0,0,0,0,0,0,SMC,
Clipse,Grindin',2002,2021,281,0,20,0,0,0,0,0,0,0,SMC,
Coldplay,Fix You,2005,2021,392,0,15,0,0,0,0,0,0,0,SMC,
"Craig Mack feat. Notorious B.I.G., LL Cool J, Busta Rhymes, Rampage",Flava in Ya Ear (Remix),1994,2021,422,0,13,0,0,0,0,0,0,0,SMC,
Cream,Crossroads,1968,2004,409,0,21,0,0,0,0,0,0,0,SMC,
Cream,Sunshine of Your Love,1968,2004,65,0,17,1,0,1,0,1,1,1,SMC,
Cream,White Room,1968,2004,367,0,23,0,0,1,0,1,1,0,SMC,
Creedence Clearwater Revival,Bad Moon Rising,1969,2004,355,0,5,0,0,1,0,1,1,0,SMC,
Creedence Clearwater Revival,Fortunate Son,1969,2004,99,0,18,0,0,1,0,1,1,0,SMC,
Creedence Clearwater Revival,Fortunate Son,1969,2021,227,0,18,0,0,1,0,1,1,0,SMC,
Creedence Clearwater Revival,Proud Mary,1969,2004,155,0,12,0,0,1,0,1,1,0,SMC,
Creedence Clearwater Revival,Proud Mary,1969,2021,152,0,12,0,0,0,0,0,0,0,SMC,
Creedence Clearwater Revival,Who'll Stop the Rain,1970,2004,188,0,12,0,0,1,0,1,1,0,SMC,
"Crosby, Stills & Nash",Suite: Judy Blue Eyes,1969,2004,418,0,12,0,0,0,0,0,0,0,SMC,
"Crosby, Stills & Nash",Suite: Judy Blue Eyes,1969,2021,222,0,12,0,0,0,0,0,0,0,SMC,
"Crosby, Stills, Nash and Young",Ohio,1970,2004,385,0,12,1,0,0,0,1,0,1,SMC,
Curtis Mayfield,Move On Up,1970,2021,474,0,14,1,0,1,0,1,1,1,SMC,
Curtis Mayfield,Pusherman,1972,2021,261,0,31,1,0,1,0,1,1,1,SMC,
Cyndi Lauper,Time After Time,1983,2021,494,0,14,0,0,1,0,1,1,0,SMC,
D'Angelo,Untitled (How Does It Feel),2000,2021,379,0,37,0,0,1,0,1,1,0,SMC,
Daddy Yankee,Gasolina,2010,2021,50,0,20,0,0,1,0,1,1,0,SMC,
Daft Punk feat. Pharrell Williams,Get Lucky,2013,2021,465,0,31,0,0,0,1,0,0,0,SMC,
David Bowie,Changes,1971,2004,127,0,20,0,0,1,0,1,1,0,SMC,
David Bowie,Changes,1971,2021,200,0,20,0,0,0,0,0,0,0,SMC,
David Bowie,Heroes,1977,2004,46,0,17,0,0,0,0,0,0,0,SMC,
David Bowie,Heroes,1977,2021,23,0,17,0,0,1,1,1,1,0,SMC,
David Bowie,Life on Mars?,1971,2021,105,0,0,0,0,1,1,1,1,0,SMC,
David Bowie,Space Oddity,1969,2021,189,0,29,0,0,1,1,1,1,0,SMC,
David Bowie,Station to Station,1976,2021,400,0,87,0,0,1,0,1,1,0,SMC,
David Bowie,Young Americans,1975,2004,481,0,25,0,0,0,0,0,0,0,SMC,
David Bowie,Young Americans,1975,2021,204,0,25,0,0,0,0,0,0,0,SMC,
David Bowie,Ziggy Stardust,1972,2004,277,0,25,0,0,0,0,0,0,0,SMC,
Deee-Lite,Groove is in the Heart,1990,2021,233,0,23,0,0,0,0,0,0,0,SMC,
Deep Purple,Smoke on the Water,1973,2004,426,0,51,0,0,0,0,0,0,0,SMC,
Del Shannon,Runaway,1961,2004,466,0,7,0,0,0,0,0,0,0,SMC,
Depeche Mode,Enjoy the Silence,1990,2021,415,0,25,0,0,0,0,0,0,0,SMC,
Depeche Mode,Personal Jesus,1989,2004,368,0,6,0,0,0,1,0,0,0,SMC,
Derek and the Dominoes,Layla,1970,2021,224,0,24,0,0,1,0,1,1,0,TM,
Derek and the Dominos,Layla,1970,2004,27,0,24,0,0,1,0,1,1,0,TM,
Destiny's Child,Say My Name,1999,2021,285,0,28,0,0,1,0,1,1,0,TM,
Diana Ross,I'm Coming Out,1980,2021,385,0,51,0,0,1,0,1,1,0,TM,
Digital Underground,The Humpty Dance,1990,2021,241,0,10,0,0,1,0,1,1,0,TM,
Dion,Runaround Sue,1961,2004,342,0,22,1,0,0,0,1,0,1,TM,
Dion,The Wandered,1961,2004,239,0,8,1,0,0,0,1,0,1,TM,
Dionne Warwick,Walk On By,1964,2004,70,0,4,1,0,0,0,1,0,1,TM,
Dionne Warwick,Walk On By,1964,2021,51,0,4,0,0,0,0,0,0,0,TM,
Dixie Chicks,Goodbye Earl,2000,2021,469,0,16,0,0,0,0,0,0,0,TM,
DMX,Party Up (Up in Here),1999,2021,388,0,8,0,0,0,0,0,0,0,TM,
Dolly Parton,Coat of Many Colors,1971,2021,263,0,5,0,0,1,0,1,1,0,TM,
Dolly Parton,Jolene,1974,2004,217,0,8,0,0,0,0,0,0,0,TM,
Dolly Parton,Jolene,1974,2021,63,0,8,0,0,0,0,0,0,0,TM,
Don Henley,The Boys of Summer,1984,2021,209,0,32,0,0,1,0,1,1,0,TM,
Don Henley,The Boys of Summer,1984,2004,416,0,32,0,0,1,0,1,1,0,TM,
Donna Summer,Hot Stuff,1979,2004,103,0,31,0,0,1,0,1,1,0,TM,
Donna Summer,I Feel Love,1977,2004,411,0,41,1,0,1,0,1,1,1,TM,
Donna Summer,I Feel Love,1977,2021,52,0,41,0,0,0,0,0,0,0,TM,
Dr. Dre and 2Pac,California Love,1996,2004,346,0,12,0,0,1,0,1,1,0,TM,
Dr. Dre feat. Snoop Doggy Dogg,Nuthin' But a 'G' Thang,1993,2004,419,0,9,0,0,1,0,1,1,0,TM,
Dr. Dre feat. Snoop Doggy Dogg,Nuthin' But a 'G' Thang,1992,2021,29,0,9,0,0,0,0,0,0,0,TM,
Drake,Hotline Bling,2015,2021,373,0,13,0,0,1,0,1,1,0,TM,
Drake feat. Majid Jordan,"Hold On, We're Going Home",2013,2021,129,0,18,0,0,0,0,0,0,0,TM,
Drake feat. Rihanna,Take Care,2011,2021,267,1,6,0,0,0,0,0,0,0,TM,
Duran Duran,Hungry Like the Wolf,1982,2021,398,0,8,0,0,0,0,0,0,0,TM,
Dusty Springfield,Son of a Preacher Man,1968,2004,240,0,11,0,0,0,0,0,0,0,TM,
Dusty Springfield,Son of a Preacher Man,1968,2021,168,0,11,0,0,1,0,1,1,0,TM,
Eric B. and Rakim,I Know You Got Soul,1987,2004,386,0,8,0,0,0,0,0,0,0,TM,
Eric B. and Rakim,Paid in Full,1987,2021,132,0,48,0,0,0,0,0,0,0,TM,
Eric Church,Springsteen,2011,2021,391,0,8,1,0,0,0,1,0,1,TM,
Eric Clapton,Tears in Heaven,1992,2004,353,0,12,0,0,0,0,0,0,0,TM,
Erykah Badu,Tyrone,1997,2021,448,0,33,0,0,0,0,0,0,0,TM,
Etta James,At Last,1960,2021,115,0,18,0,0,0,0,0,0,0,TM,
Eurythmics,Sweet Dreams (Are Made of This),1983,2004,356,0,26,0,0,0,0,0,0,0,TM,
Eurythmics,Sweet Dreams (Are Made Of This),1983,2021,353,0,26,0,0,0,0,0,0,0,TM,
Everly Brothers,All I have to Do is Dream,1958,2021,323,0,1,0,0,0,0,0,0,0,TM,
Faces,Ooh La La,1973,2021,246,0,31,0,0,0,0,0,0,0,TM,
Fall Out Boy,"Sugar, We're Goin Down",2005,2021,443,0,25,0,0,0,1,0,0,0,TM,
Fats Domino,Ain't It a Shame,1955,2004,431,0,0,0,0,0,0,0,0,0,TM,
Fats Domino,Blueberry Hill,1956,2004,81,0,10,0,0,0,0,0,0,0,TM,
Fats Domino,Blueberry Hill,1956,2021,147,0,10,0,0,0,0,0,0,0,TM,
Fiona Apple,Criminal,1996,2021,423,0,21,0,0,0,0,0,0,0,TM,
Fiona Apple,Paper Bag,1999,2021,382,0,9,0,0,0,0,0,0,0,TM,
Fleetwood Mac,Dreams,1977,2021,9,0,16,0,0,0,0,0,0,0,TM,
Fleetwood Mac,Go Your Own Way,1977,2004,119,0,4,0,0,0,0,0,0,0,TM,
Fleetwood Mac,Go Your Own Way,1977,2021,401,0,4,0,0,0,0,0,0,0,TM,
Fleetwood Mac,Landslide,1975,2021,163,0,12,0,0,0,0,0,0,0,TM,
Fleetwood Mac,Rhiannon (Will You Ever Win),1975,2004,488,0,14,0,0,0,0,0,0,0,TM,
Foo Fighters,Everlong,1997,2021,409,0,31,0,0,0,0,0,0,0,TM,
Foreigner,I Want to Know What Love Is,1984,2004,476,0,14,0,0,0,0,0,0,0,TM,
Fountains of Wayne,Radiation Vibe,1996,2021,380,0,9,0,0,0,0,0,0,0,TM,
Frank Ocean,Thinkin Bout You,2012,2021,367,0,6,0,0,0,0,0,0,0,TM,
Frankie Lymon and the Teenagers,Why Do Fools Fall In Love,1956,2004,307,0,11,0,0,0,0,0,0,0,TM,
Freda Payne,Band of Gold,1970,2004,391,0,7,0,0,0,0,0,0,0,TM,
Fugees,Killing Me Softly With His Song,1996,2021,359,0,33,0,0,0,0,0,0,0,TM,
Funkadelic,One Nation Under a Groove,1978,2004,474,0,0,0,0,0,0,0,0,0,TM,
Funkadelic,One Nation Under a Groove,1978,2021,210,0,0,0,0,0,0,0,0,0,TM,
Gene Vincent,Be-Bop-A-Lula,1956,2004,102,0,0,0,0,0,0,0,0,0,TM,
George Harrison,My Sweet Lord,1970,2004,454,0,30,0,0,0,0,0,0,0,TM,
George Jones,He Stopped Loving Her Today,1980,2004,270,0,0,0,0,0,1,0,0,0,TM,
George Jones,He Stopped Loving Her Today,1980,2021,142,0,0,0,0,0,1,0,0,0,TM,
George Michael,Freedom! '90,1990,2021,126,0,10,1,0,0,0,1,0,1,TM,
Geto Boys,Mind Playing Tricks on Me,1991,2021,192,0,9,1,0,1,0,1,1,1,TM,
Gil-Scott Heron,The Revolution Will Not Be Televised,1971,2021,258,0,10,0,0,1,0,1,1,0,TM,
Gladys Knight and the Pips,Midnight Train to Georgia,1973,2004,432,,,0,0,0,0,0,0,0,TM,
Gladys Knight and the Pips,Midnight Train to Georgia,1973,2021,470,,,0,0,0,0,0,0,0,TM,
Glen Campbell,By the Time I Get to Phoenix,1967,2004,450,,,0,0,0,0,0,0,0,TM,
Glen Campbell,Wichita Lineman,1968,2004,192,,,0,0,0,0,0,0,0,TM,
Glen Campbell,Wichita Lineman,1968,2021,206,,,0,0,0,0,0,0,0,TM,
Gloria Gaynor,I Will Survive,1978,2004,489,,,0,0,1,0,1,1,0,TM,
Gloria Gaynor,I Will Survive,1978,2021,251,,,1,0,1,0,1,1,1,TM,
Gnarls Barkley,Crazy,2006,2021,307,,,1,0,1,0,1,1,1,TM,
Grandmaster Flash and the Furious Five,The Message,1982,2004,51,,,1,0,1,0,1,1,1,TM,
Grandmaster Flash and the Furious Five,The Message,1982,2021,59,,,0,0,0,0,0,0,0,TM,
Green Day,Basket Case,1994,2021,150,,,0,0,0,0,0,0,0,TM,
Guns N' Roses,Paradise City,1987,2004,453,,,0,0,1,0,1,1,0,TM,
Guns N' Roses,Sweet Child O' Mine,1987,2004,196,,,1,0,1,0,1,1,1,TM,
Guns N' Roses,Sweet Child O' Mine,1987,2021,88,,,0,0,0,1,0,0,0,TM,
Guns N' Roses,Welcome to the Jungle,1987,2004,467,,,0,0,0,1,0,0,0,TM,
Guns N' Roses,Welcome to the Jungle,1987,2021,491,,,0,0,1,0,1,1,0,TM,
Hall and Oates,She's Gone,1973,2021,336,,,0,0,1,0,1,1,0,TM,
Hank Williams,I'm So Lonesome I Could Cry,1949,2004,111,,,0,0,1,0,1,1,0,TM,
Hank Williams,I'm So Lonesome I Could Cry,1949,2021,165,,,0,0,1,0,1,1,0,TM,
Hank Williams,Your Cheatin' Heart,1953,2004,213,,,0,0,0,0,0,0,0,TM,
Hank Williams,Your Cheatin' Heart,1953,2021,237,,,0,0,0,0,0,0,0,TM,
Harry Nilsson,Without You,1971,2021,496,,,0,0,0,0,0,0,0,TM,
Harry Styles,Sign of the Times,2017,2021,428,,,0,0,0,0,0,0,0,TM,
Hole,Doll Parts,1994,2021,208,,,0,0,1,0,1,1,0,TM,
Howlin' Wolf,Smoke Stack Lightning,1956,2004,285,,,0,0,1,0,1,1,0,TM,
Howlin' Wolf,Spoonful,1960,2004,219,,,0,0,1,0,1,1,0,TM,
Howlin' Wolf,Spoonful,1960,2021,154,,,0,0,1,0,1,1,0,TM,
Ice Cube,It Was a Good Day,1992,2021,352,,,0,0,1,0,1,1,0,TM,
Iggy Pop,Lust for Life,1977,2004,147,,,0,0,1,1,1,1,0,TM,
Iggy Pop,Lust for Life,1977,2021,325,,,0,0,1,1,1,1,0,TM,
Ike and Tina Turner,River Deep - Mountain High,1966,2004,33,,,0,0,1,1,1,1,0,TM,
Ike and Tina Turner,"River Deep, Mountain High",1966,2021,221,,,0,0,1,0,1,1,0,TM,
INXS,Never Tear Us Apart,1988,2021,282,,,0,0,0,0,0,0,0,TM,
Isaac Hayes,Walk on By,1969,2021,312,,,0,0,1,0,1,1,0,TM,
Jackie Wilson,(Your Love Keeps Lifting Me) Higher and Higher,1967,2004,246,,,0,0,1,0,1,1,0,TM,
Jackie Wilson,Lonely Teardrops,1958,2004,308,,,0,0,1,0,1,1,0,TM,
Jackson Browne,Running On Empty,1977,2004,492,,,0,0,0,0,0,0,0,TM,
James Brown,Get Up (I Feel Like Being a) Sex Machine,1970,2004,326,,,0,0,0,0,0,0,0,TM,
James Brown,Get Up (I Feel Like Being a) Sex Machine,1970,2021,196,,,0,0,0,0,0,0,0,TM,
James Brown,I Got You (I Feel Good),1965,2004,78,,,0,0,0,0,0,0,0,TM,
James Brown,It's a Man's Man's Man's World,1966,2004,123,,,0,0,0,0,0,0,0,TM,
James Brown,Papa's Got a Brand New Bag,1966,2021,34,,,0,0,0,0,0,0,0,TM,
James Brown,Papa's Got a Brand New Bag,1966,2004,72,,,1,0,0,0,1,0,1,TM,
James Brown,"Please, Please, Please",1956,2004,142,,,1,0,1,0,1,1,1,TM,
James Brown,Say It Loud (I'm Black and I'm Proud),1968,2004,305,,,0,0,0,0,0,0,0,TM,
James Brown,Say It Loud (I'm Black and I'm Proud),1968,2021,393,,,0,0,1,0,1,1,0,TM,
James Taylor,Fire And Rain,1970,2004,227,,,0,0,0,0,0,0,0,TM,
James Taylor,Fire and Rain,1970,2021,146,,,0,0,1,0,1,1,0,TM,
Janet Jackson,Rhythm Nation,1989,2021,475,,,0,0,0,0,0,0,0,TM,
Janis Joplin,Me and Bobby McGee,1971,2004,148,,,0,0,0,0,0,0,0,TM,
Jay-Z,99 Problems,2003,2021,96,,,0,0,0,1,0,0,0,TM,
Jeff Buckley,Grace,1994,2021,394,,,0,0,0,1,0,0,0,TM,
Jeff Buckley,Hallelujah,1994,2004,259,,,0,0,0,0,0,0,0,TM,
Jefferson Airplaine,Somebody To Love,1967,2004,274,,,0,0,0,0,0,0,0,TM,
Jefferson Airplaine,White Rabbit,1967,2004,478,,,0,0,0,0,0,0,0,TM,
Jefferson Airplane,White Rabbit,1967,2021,455,,,0,0,0,1,0,0,0,TM,
Jerry Butler and the Impressions,For Precious Love,1958,2004,327,,,0,0,0,1,0,0,0,TM,
Jerry Lee Lewis,Great Balls Of Fire,1957,2004,96,,,0,0,0,1,0,0,0,TM,
Jerry Lee Lewis,Great Balls of Fire,1957,2021,242,,,0,0,0,1,0,0,0,TM,
Jerry Lee Lewis,Whole Lotta Shakin' Goin On,1957,2004,61,,,0,0,0,1,0,0,0,TM,
The Doors,The End,1967,2004,328,,,1,0,0,0,1,0,1,,
The Drifters,Money Honey,1953,2004,252,,,1,0,1,0,1,1,1,,
The Drifters,Save the Last Dance for Me,1960,2004,182,,,0,0,1,0,1,1,0,,
The Drifters,There Goes My Baby,1959,2004,193,,,0,0,0,0,0,0,0,,
The Drifters,Under the Boardwalk,1964,2004,487,,,0,0,0,0,0,0,0,,
The Drifters,Up On the Roof,1962,2004,113,,,0,0,1,1,1,1,0,,
The Drifters,Up on the Roof,1964,2021,375,,,1,0,0,1,1,1,1,,
The Eagles,Desperado,1973,2004,494,,,0,0,0,0,0,0,0,,
The Eagles,Hotel California,1976,2004,49,,,0,0,0,0,0,0,0,,
The Eagles,Hotel California,1976,2021,311,,,0,0,0,0,0,0,0,,
The Everly Brothers,All I Have to Do Is Dream,1958,2004,141,,,0,0,0,1,0,0,0,,
The Everly Brothers,Bye Bye Love,1957,2004,207,,,0,0,0,1,0,0,0,,
The Everly Brothers,Cathy's Clown,1960,2004,149,,,0,0,0,1,0,0,0,,
The Everly Brothers,Wake Up Little Susie,1957,2004,311,,,0,0,0,1,0,0,0,,
The Five Satins,In the Still of the Night,1956,2021,170,,,0,0,0,1,0,0,0,,
The Five Satins,In the Still of the Night,1956,2004,90,,,0,0,0,1,0,0,0,,
The Five Stairsteps,O-o-h Child,1970,2004,392,,,0,0,0,1,0,0,0,,
The Flamingos,I Only Have Eyes for You,1959,2004,157,,,1,0,1,1,1,1,1,,
The Flamingos,I Only Have Eyes for You,1959,2021,175,,,1,0,0,0,1,0,1,,
The Four Tops,Baby I Need Your Loving,1964,2004,390,,,1,0,1,0,1,1,1,,
The Four Tops,"I Can't Help Myself (Sugar Pie, Honey Bunch)",1965,2004,415,,,1,0,1,1,1,1,1,,
The Four Tops,"I Can't Help Myself (Sugar Pie, Honey Bunch)",1965,2021,483,,,0,0,0,0,0,0,0,,
The Four Tops,Reach Out (I'll Be There),1967,2021,78,,,0,0,0,0,0,0,0,,
The Four Tops,Reach Out (I'll Be There),1966,2004,206,,,1,0,1,0,1,1,1,,
The Four Tops,Standing in the Shadows of Love,1966,2004,464,,,0,0,0,0,0,0,0,,
The Funky 4 + 1,That's the Joint,1980,2021,288,,,0,0,0,1,0,0,0,,
The Grateful Dead,Box of Rain,1970,2021,364,,,1,0,1,0,1,1,1,,
The Grateful Dead,Ripple,1970,2021,334,,,0,0,1,0,1,1,0,,
The Impressions,People Get Ready,1965,2004,24,,,0,0,1,0,1,1,0,,
The Impressions,People Get Ready,1965,2021,122,,,1,0,0,1,0,0,0,,
The Isley Brothers,It's Your Thing,1969,2004,420,,,1,0,0,1,0,0,0,,
The Isley Brothers,Shout (Parts 1 and 2),1959,2004,118,,,0,0,1,1,1,1,0,,
The Isley Brothers,Shout (Parts 1 and 2),1959,2021,268,,,0,0,1,1,1,1,0,,
The Isley Brothers,The Lady (Part 1 and 2),1973,2004,348,,,1,0,0,0,1,0,1,,
The Jam,That's Entertainment,1980,2004,306,,,0,0,0,0,0,0,0,,
The Jimi Hendrix Experience,All Along the Watchtower,1968,2004,48,,,1,0,1,0,1,1,1,,
The Jimi Hendrix Experience,All Along the Watchtower,1968,2021,40,,,0,0,0,0,0,0,0,,
The Jimi Hendrix Experience,Foxey Lady,1965,2004,152,,,0,0,0,0,0,0,0,,
The Jimi Hendrix Experience,Hey Joe,1966,2004,198,,,1,0,1,0,1,1,1,,
The Jimi Hendrix Experience,Little Wing,1967,2021,188,,,1,0,1,0,1,1,1,,
The Jimi Hendrix Experience,Purple Haze,1967,2004,17,,,1,0,1,0,1,1,1,,
The Jimi Hendrix Experience,Purple Haze,1967,2021,250,,,0,0,0,0,0,0,0,,
The Kinks,Waterloo Sunset,1967,2004,42,,,0,0,1,0,1,1,0,,
The Kinks,Waterloo Sunset,1967,2021,14,,,0,0,1,0,1,1,0,,
The Kinks,You Really Got Me,1964,2004,82,,,0,0,0,1,0,0,0,,
The Kinks,You Really Got Me,1964,2021,176,,,0,0,0,0,0,0,0,,
The Left Banke,Walk Away Renee,1966,2004,220,,,0,0,0,0,0,0,0,,
The Lovin' Spoonful,Summer In the City,1966,2004,393,,,1,0,1,0,1,1,1,,
The Marvelettes,Please Mr. Postman,1961,2021,331,,,0,0,0,0,0,0,0,,
The Meters,Cissy Strut,1969,2021,158,,,0,0,1,0,1,1,0,,
The Miracles,Shop Around,1960,2004,495,,,0,0,0,0,0,0,0,,
The Miracles,The Tracks of My Tears,1965,2004,50,,,0,0,1,0,1,1,0,,
The Modern Lovers,Roadrunner,1976,2004,269,,,0,0,0,0,0,0,0,,
The Modern Lovers,Roadrunner,1976,2021,77,,,1,0,1,1,1,1,1,,
The Notorious B.I.G,Big Poppa,1994,2021,330,,,,,,,,,,,
The Penguins,Earth Angel,1954,2004,151,,,,,,,,,,,
The Pixies,Monkey Gone to Heaven,1989,2004,410,,,,,,,,,,,
The Pixies,Where Is My Mind?,1988,2021,493,,,,,,,,,,,
The Platters,The Great Pretender,1955,2004,351,,,,,,,,,,,
The Police,Every Breath You Take,1983,2004,84,,,,,,,,,,,
The Police,Every Breath You Take,1983,2021,305,,,,,,,,,,,
The Police,Roxanne,1979,2004,388,,,,,,,,,,,
The Ramones,Blitzkrieg Bop,1976,2004,92,,,,,,,,,,,
The Ramones,I Wanna Be Sedated,1978,2004,144,,,,,,,,,,,
The Ramones,Sheena Is a Punk Rocker,1977,2004,457,,,,,,,,,,,
The Righteous Brothers,Unchained Melody,1965,2004,365,,,,,,,,,,,
The Righteous Brothers,Unchained Melody,1965,2021,269,,,,,,,,,,,
The Righteous Brothers,You've Lost That Lovin' Feelin',1964,2004,34,,,,,,,,,,,
The Rolling Stones,(I Can't Get No) Satisfaction,1965,2021,31,,,,,,,,,,,
The Rolling Stones,Beast of Burden,1978,2004,435,,,,,,,,,,,
The Rolling Stones,Brown Sugar,1971,2004,490,,,,,,,,,,,
The Rolling Stones,Gimme Shelter,1969,2004,38,,,,,,,,,,,
The Rolling Stones,Gimme Shelter,1969,2021,13,,,,,,,,,,,
The Rolling Stones,Honky Tonk Women,1969,2004,116,,,,,,,,,,,
The Rolling Stones,Jumpin' Jack Flash,1968,2004,124,,,,,,,,,,,
The Rolling Stones,Jumpin' Jack Flash,1968,2021,144,,,,,,,,,,,
The Rolling Stones,Miss You,1978,2004,496,,,,,,,,,,,
The Rolling Stones,"Paint It, Black",1966,2004,174,,,,,,,,,,,
The Rolling Stones,"Paint It, Black",1966,2021,213,,,,,,,,,,,
The Rolling Stones,Ruby Tuesday,1967,2004,303,,,,,,,,,,,
The Rolling Stones,Satisfaction,1965,2004,2,,,,,,,,,,,
The Rolling Stones,Street Fighting Man,1968,2004,295,,,,,,,,,,,
The Rolling Stones,Sympathy for the Devil,1968,2004,32,,,,,,,,,,,
The Rolling Stones,Sympathy for the Devil,1968,2021,106,,,,,,,,,,,
The Rolling Stones,Tumbling Dice,1972,2004,424,,,,,,,,,,,
The Rolling Stones,Tumbling Dice,1972,2021,86,,,,,,,,,,,
The Rolling Stones,Wild Horses,1971,2004,334,,,,,,,,,,,
The Rolling Stones,Wild Horses,1971,2021,193,,,,,,,,,,,
The Rolling Stones,You Can't Always Get What You Want,1969,2004,100,,,,,,,,,,,
The Ronettes,Walking in the Rain,1964,2004,266,,,,,,,,,,,
The Sex Pistols,God Save the Queen,1977,2004,173,,,,,,,,,,,
The Shangri-Las,Remember (Walkin' in the Sand),1964,2004,395,,,,,,,,,,,
The Shirelles,Tonight's the Night,1960,2004,401,,,,,,,,,,,
The Shirelles,Will You Love Me Tomorrow,1960,2004,125,,,,,,,,,,,
The Shirelles,Will You Love Me Tomorrow,1960,2021,151,,,,,,,,,,,
The Smiths,How Soon Is Now?,1985,2004,486,,,,,,,,,,,
The Smiths,How Soon Is Now?,1984,2021,421,,,,,,,,,,,
The Smiths,There is a Light That Never Goes Out,1986,2021,226,,,,,,,,,,,
The Smiths,"William, It Was Really Nothing",1984,2004,425,,,,,,,,,,,
The Staple Singers,I'll Take You There,1972,2004,276,,,,,,,,,,,
The Staple Singers,I'll Take You There,1972,2021,186,,,,,,,,,,,
The Staple Singers,Respect Yourself,1971,2004,462,,,,,,,,,,,
The Stooges,Search and Destroy,1973,2004,468,,,,,,,,,,,
The Strokes,Last Nite,2001,2021,155,,,,,,,,,,,
The Sugarhill Gang,Rappers Delight,1979,2004,248,,,,,,,,,,,
The Supremes,Stop! In the Name of Love,1965,2021,254,,,,,,,,,,,
The Supremes,Where Did Our Love Go,1964,2004,472,,,,,,,,,,,
The Supremes,You Keep Me Hanging On,1966,2021,234,,,,,,,,,,,
The Supremes,You Keep Me Hanging On,1966,2004,339,,,,,,,,,,,
The Temptations,Just My Imagination,1971,2004,389,,,,,,,,,,,
The Temptations,My Girl,1964,2004,88,,,,,,,,,,,
The Temptations,My Girl,1965,2021,43,,,,,,,,,,,
The Troggs,Wild Thing,1966,2004,257,,,,,,,,,,,
The Velvet Underground,Heroin,1967,2004,448,,,,,,,,,,,
The Velvet Underground,Sweet Jane,1970,2004,335,,,,,,,,,,,
The Velvet Underground,Sweet Jane,1970,2021,294,,,,,,,,,,,
The Verve,Bitter Sweet Symphony,1997,2004,382,,,,,,,,,,,
The Wailers,"Get Up, Stand Up",1973,2021,260,,,,,,,,,,,
The Weeknd,House of Balloons,2011,2021,488,,,,,,,,,,,
The Who,Baba O'Riley,1971,2004,340,,,,,,,,,,,
The Who,Baba O'Riley,1971,2021,159,,,,,,,,,,,
The Who,I Can See For Miles,1967,2004,258,,,,,,,,,,,
The Who,I Can't Explain,1965,2004,371,,,,,,,,,,,
The Who,My Generation,1965,2004,11,,,,,,,,,,,
The Who,My Generation,1965,2021,232,,,,,,,,,,,
The Who,Won't Get Fooled Again,1971,2004,133,,,,,,,,,,,
The Who,Won't Get Fooled Again,1971,2021,295,,,,,,,,,,,
The Young Rascals,Good Lovin',1966,2004,325,,,,,,,,,,,
The Zombies,She's Not There,1964,2004,291,,,,,,,,,,,
Them,Gloria,1964,2004,208,,,,,,,,,,,
Them,Gloria,1965,2021,413,,,,,,,,,,,
Thin Lizzy,The Boys Are Back in Town,1976,2004,499,,,,,,,,,,,
Thin Lizzy,The Boys Are Back in Town,1976,2021,272,,,,,,,,,,,
TLC,Waterfalls,1995,2021,127,,,,,,,,,,,
Tom Petty,Free Fallin',1989,2004,177,,,,,,,,,,,
Tom Petty,Free Fallin',1989,2021,219,,,,,,,,,,,
Tom Petty and the Heartbreakers,American Girl,1976,2021,169,,,,,,,,,,,
Toots and the Maytals,Pressure Drop,1973,2004,446,,,,,,,,,,,
Toots and the Maytals,Pressure Drop,1973,2021,278,,,,,,,,,,,
Toto,Africa,1982,2021,452,,,,,,,,,,,
Townes Van Sandt,Pancho and Lefty,1972,2021,498,,,,,,,,,,,
Tracy Chapman,Fast Car,1988,2004,165,,,,,,,,,,,
Tracy Chapman,Fast Car,1988,2021,71,,,,,,,,,,,
U2,I Still Haven't Found What I'm Looking For,1987,2004,93,,,,,,,,,,,
U2,I Still Haven't Found What I'm Looking For,1987,2021,321,,,,,,,,,,,
U2,New Year's Day,1983,2004,427,,,,,,,,,,,
U2,One,1991,2004,36,,,,,,,,,,,
U2,One,1992,2021,62,,,,,,,,,,,
U2,Pride (In the Name of Love),1984,2004,378,,,,,,,,,,,
U2,Sunday Bloody Sunday,1983,2004,268,,,,,,,,,,,
U2,With or Without You,1987,2004,131,,,,,,,,,,,
U2,With or Without You,1987,2021,211,,,,,,,,,,,
UGK feat. Outkast,Int'l Players Anthem (I Choose You),2007,2021,91,,,,,,,,,,,
Usher feat. Lil Jon and Ludacris,Yeah!,2004,2021,290,,,,,,,,,,,
Van Morrison,Brown Eyed Girl,1967,2004,109,,,,,,,,,,,
Van Morrison,Into the Mystic,1970,2004,480,,,,,,,,,,,
Van Morrison,Into the Mystic,1970,2021,462,,,,,,,,,,,
Van Morrison,Moondance,1970,2004,226,,,,,,,,,,,
Weezer,Buddy Holly,1994,2004,497,,,,,,,,,,,
Weezer,Buddy Holly,1994,2021,484,,,,,,,,,,,
Whitney Houston,I Wanna Dance With Somebody (Who Loves Me),1987,2021,231,,,,,,,,,,,
Whitney Houston,I Will Always Love You,1992,2021,94,,,,,,,,,,,
Willie Nelson,Blue Eyes Crying in the Rain,1975,2004,302,,,,,,,,,,,
Willie Nelson,Blue Eyes Crying in the Rain,1975,2021,253,,,,,,,,,,,
Willie Nelson,On the Road Again,1980,2004,471,,,,,,,,,,,
Wilson Pickett,Mustang Sally,1966,2004,434,,,,,,,,,,,
Wu-Tang Clan,C.R.E.A.M.,1994,2021,107,,,,,,,,,,,
Yeah Yeah Yeahs,Maps,2003,2021,101,,,,,,,,,,,